name,id,designation,tech/manufacturer,system id,fleet pts,hitpoints,armor rating,max flux,8/6/5/4%,flux dissipation,ordnance points,fighter bays,max speed,acceleration,deceleration,max turn rate,turn acceleration,mass,shield type,defense id,shield arc,shield upkeep,shield efficiency,phase cost,phase upkeep,min crew,max crew,cargo,fuel,fuel/ly,range,max burn,base value,cr %/day,CR to deploy,peak CR sec,CR loss/sec,supplies/rec,supplies/mo,c/s,c/f,f/s,f/f,crew/s,crew/f,hints,tags,logistics n/a reason,codex variant id,rarity,breakProb,minPieces,maxPieces,travel drive,number
Warthog,warthog,,Low Tech,ammofeed,,750,200,200,sys,50,0,,130,180,150,100,200,40,NONE,,0,0,0,,,2,2,,,,,,,,,,,,,,,,,,,,,,,,0,,,,110
Talon,talon,,Low Tech,,,200,25,400,mob,100,0,,325,400,300,300,300,10,NONE,,0,0,0,,,1,1,,,,,,,,,,,,,,,,,,,,,,,,0,,,,100
,attack_swarm,Swarm,Threat,,,1000,1,1000,,200,0,,250,400,400,150,300,10,NONE,,0,0,0,,,0,0,,,,,,,,,,,,,,,,,,,,"threat_swarm_ai, swarm_fighter, threat",,,,0,,,,120
,,,,,,,,,,,,,,,,,,,,,,,,,,,,,,,,,,,,,,,,,,,,,,,,,,,,,,,
Hyperion,hyperion,Advanced Gunship,High Tech,phaseteleporter,15,2500,250,8000,pot,500,65,,120,175,150,50,100,200,FRONT,,300,0.6,0.6,,,5,15,10,15,1,15,10,95000,8,40,180,0.25,15,15,,,,,,,,"rare_bp, merc, ind, kanta_gift",,,0.5,0.75,2,2,,202
Afflictor,afflictor,Phase Frigate,High Tech,entropyamplifier,12,1500,400,3000,dp,400,55,,165,120,100,60,120,200,PHASE,phasecloak,90,,,0.03,0.04,5,10,25,50,1,50,10,42000,10,30,180,0.25,10,10,,,,,,,,"rare_bp, merc, ind",,,,0.5,2,2,,210
Scarab,scarab,Heavy Frigate,High Tech,temporalshell,8,2000,250,2500,pot,250,55,,130,120,100,60,120,300,OMNI,,180,0.4,0.6,,,35,45,40,20,1,20,10,30000,7,20,240,0.25,8,8,,,,,,,,"rare_bp, hist1t, merc, ind",,,,0.5,2,2,,220
Gremlin,gremlin,Phase Frigate,Low Tech,canister_flak,6,2500,450,1200,sys,160,35,,90,120,90,45,90,200,PHASE,phasecloak,90,,,0.06,0.06,4,10,10,20,1,20,9,26000,10,20,180,0.25,6,6,,,,,,,,base_bp,,,,0.5,2,2,,228
Omen,omen,Frigate,High Tech,emp,6,750,125,2500,shi,200,40,,155,220,175,120,360,100,OMNI,,360,0.6,0.6,,,10,20,30,20,1,20,10,20000,10,20,180,0.25,6,6,,,,,,,,"rare_bp, merc, ind",,,,0.5,2,2,,205
Warden,warden,Drone,Explorarium,ammofeed,3,2000,400,750,dur,100,30,,120,100,90,90,120,150,NONE,,0,0,0,,,0,0,20,20,1,20,9,10000,5,5,480,0.25,3,3,,,,,,,UNBOARDABLE,"derelict, auto_rec, codex_unlockable",,,,0.5,2,2,,222
Defender,defender,Drone,Explorarium,flarelauncher,3,2300,450,750,dur,100,30,,100,90,90,90,110,160,NONE,,0,0,0,,,0,0,20,20,1,20,9,10000,5,5,480,0.25,3,3,,,,,,,UNBOARDABLE,"derelict, auto_rec, codex_unlockable",,,,0.5,2,2,,223
Picket,picket,Drone,Explorarium,maneuveringjets,3,1900,350,750,dur,100,15,,200,175,150,100,120,120,NONE,,0,0,0,,,0,0,20,20,1,20,9,10000,5,5,480,0.25,3,3,,,,,,,UNBOARDABLE,"derelict, auto_rec, codex_unlockable",,,,0.5,2,2,,224
Sentry,sentry,Drone,Explorarium,fastmissileracks,3,1700,350,750,dur,100,15,,110,90,90,60,100,120,NONE,,0,0,0,,,0,0,20,20,1,20,9,10000,5,5,480,0.25,3,3,,,,,,,UNBOARDABLE,"derelict, auto_rec, codex_unlockable",,,,0.5,2,2,,225
Centurion,centurion,Heavy Frigate,Midline,damper,6,2250,500,2200,dp,175,55,,120,110,90,40,80,300,OMNI,,180,0.4,0.8,,,30,50,50,25,1,25,10,20000,8,10,240,0.25,5,5,,,,,,,,"midline_bp, merc, ind",,,,0.4,2,2,,219
,,,,,,,,,,,,,,,,,,,,,,,,,,,,,,,,,,,,,,,,,,,,,,,,,,,,,,,
Buffalo Mk.II,buffalo2,Destroyer,Low Tech,flarelauncher,4,2500,200,2250,"pts, log",100,70,,80,60,40,25,30,300,NONE,,0,0,0,,,20,40,20,30,2,15,9,18000,5,10,120,0.25,4,4,,,,,,,,"base_bp, ind",,,,0.6,2,3,,308
Bastillon,bastillon,Drone,Explorarium,flarelauncher,6,5500,750,3500,dur,250,60,,60,40,20,20,20,400,NONE,,0,0,0,,,0,0,80,40,2,20,8,40000,5,10,540,0.25,6,6,,,,,,,UNBOARDABLE,"derelict, auto_rec, codex_unlockable",,,,0.5,2,3,,315
Berserker,berserker,Drone,Explorarium,burndrive,7,5500,775,3400,dur,225,60,,65,45,15,18,18,450,NONE,,0,0,0,,,0,0,80,40,2,20,8,40000,5,10,540,0.25,6,6,,,,,,,UNBOARDABLE,"derelict, auto_rec, codex_unlockable",,,,0.5,2,3,,316
Fulgent,fulgent,Droneship,Remnant,highenergyfocus,12,5000,450,5000,"dp, op",400,100,,85,75,50,30,50,500,OMNI,,150,0.4,0.6,,,0,0,80,60,2,30,10,50000,5,15,420,0.25,11,11,,,,,,,UNBOARDABLE,"remnant, auto_rec, codex_unlockable",,,,0.5,2,3,,317
Harbinger,harbinger,Phase Destroyer,High Tech,acausaldisruptor,15,4000,650,5000,op,500,105,,100,75,50,30,30,400,PHASE,phasecloak,90,,,0.05,0.04,25,50,60,100,2,50,9,120000,5,30,300,0.25,18,18,,,,,,,,"rare_bp, merc, ind",,,,0.5,2,3,,314
Gemini,gemini,Combat Freighter,Midline,reservewing,9,4500,250,2700,"mob, log",170,85,1,70,45,25,25,20,400,OMNI,,150,0.4,0.8,,,55,120,250,70,2,35,8,36000,4,8,360,0.25,9,9,28,125,,,,,,"midline_bp, ind",,,,0.6,2,3,,305
,,,,,,,,,,,,,,,,,,,,,,,,,,,,,,,,,,,,,,,,,,,,,,,,,,,,,,,
Apogee,apogee,Cruiser,High Tech,flarelauncher_active,14,9000,750,12000,shi,700,140,,60,50,40,20,25,2000,FRONT,,360,0.6,0.6,,,150,450,400,200,2,100,8,140000,3,15,420,0.25,20,20,,,,,,,,"rare_bp, merc, ind",,,,0.6,2,3,,403
Fury,fury,Light Cruiser,High Tech,microburn,14,5000,600,9000,dp,600,130,,95,100,80,30,60,1650,OMNI,,180,0.3,0.7,,,60,120,60,80,3,27,9,115000,4,12,420,0.25,18,18,,,,,,,,"hightech_bp, merc, ind",,,,0.7,2,3,,415
Heron,heron,Fast Carrier,Midline,targetingfeed,14,6000,750,5500,"tag, flu",350,100,3,80,60,40,20,25,800,OMNI,,180,0.5,0.8,,,150,250,90,60,3,20,8,120000,3,12,360,0.25,20,20,,,,,,,"CARRIER, COMBAT, NO_AUTO_ESCORT","midline_bp, merc, ind",,,,0.5,2,3,,407
Mora,mora,Carrier,Low Tech,damper,15,10000,1250,4000,tag,200,125,3,45,20,10,10,10,2000,OMNI,,150,0.4,1,,,200,300,100,60,4,15,8,125000,4,12,420,0.25,20,20,,,,,,,"CARRIER, COMBAT","lowtech_bp, merc, ind",,,,0.4,2,3,,410
Anubis,anubis,Experimental Cruiser,High Tech,temporalshell,17,7000,700,12000,dp,700,170,1,80,100,90,30,60,1500,OMNI,,210,0.3,0.7,,,50,100,100,80,3,27,8,200000,4,12,420,0.25,30,30,,,,,,,,"rare_bp, merc",,,,0.6,2,3,,415.1
Brilliant,brilliant,Droneship Cruiser,Remnant,flarelauncher_active,16,8000,900,10000,hng,600,140,1,60,35,30,20,25,2000,OMNI,,270,0.4,0.6,,,0,0,120,90,3,30,9,140000,5,15,540,0.25,25,25,,,,,,,UNBOARDABLE,"remnant, auto_rec, codex_unlockable",,,,0.5,2,3,,413
Eradicator,eradicator,Fast Cruiser,Low Tech,ammofeed,13,9000,1200,9000,dp,400,150,,70,50,40,15,20,1800,OMNI,,150,0.4,1,,,120,170,100,120,4,30,9,100000,4,12,540,0.25,20,20,,,,,,,,"rare_bp, merc, ind",,,,0.5,2,4,,404.5
Doom,doom,Phase Cruiser,High Tech,mine_strike,25,8000,1250,10000,dp,900,145,,75,55,40,20,25,1200,PHASE,phasecloak,,,,0.05,0.05,50,100,120,150,3,50,8,250000,4,30,420,0.25,40,40,,,,,,,,"rare_bp, hist2t, merc, kanta_gift",,,,0.5,2,3,,406
Aurora,aurora,Cruiser,High Tech,plasmajets,17,8000,800,11000,dp,800,165,,80,50,25,25,25,1800,OMNI,,180,0.5,0.6,,,75,200,150,90,3,30,8,200000,4,20,420,0.25,35,35,,,,,,,,"rare_bp, hist2t, merc, ind",,,,0.6,2,3,,405
,,,,,,,,,,,,,,,,,,,,,,,,,,,,,,,,,,,,,,,,,,,,,,,,,,,,,,,
Pegasus,pegasus,Battleship,Midline,fastmissileracks,30,17000,1500,14000,mob,500,365,,50,35,25,6,6,3000,FRONT,,270,0.4,0.8,,,500,600,400,300,10,30,7,400000,4,12,720,0.25,50,50,,,,,,,,"rare_bp, merc",,,,0.5,2,4,,512
Invictus,invictus,Dreadnought,Low Tech,lidararray,35,40000,10000,30000,cost,500,240,,35,15,15,4,4,10000,PHASE,canister_flak,0,0,0,,,4000,6000,1000,800,20,40,6,350000,3,12,1200,0.25,60,60,,,,,,,NEVER_DODGE_MISSILES,rare_bp,,,,0.2,2,2,,511
Paragon,paragon,Battleship,High Tech,fortressshield,35,18000,1500,25000,pts,1250,370,,30,15,10,5,5,3500,OMNI,,360,0.6,0.6,,,400,1000,300,300,10,30,7,500000,4,20,720,0.25,60,60,,,,,,,,"rare_bp, hist3t, merc",,,,0.6,2,4,,504
Onslaught Mk.I,onslaught_mk1,Battleship,Domain Restricted,combat_burn,28,30000,1200,15000,dp,500,300,,20,8,8,4,4,4000,NONE,,0,0,0,,,0,0,700,800,10,80,7,300000,5,10,,,40,40,,,,,,,SHIP_WITH_MODULES,"no_auto_penalty, codex_unlockable, no_dealer",,,,0.4,2,4,,500.5
Astral,astral,Carrier,High Tech,recalldevice,27,10000,900,12000,hng,600,270,8,30,15,10,7,4,3000,FRONT,,360,0.7,0.7,,,450,1000,250,200,10,20,7,400000,3,15,600,0.25,50,50,,,,,,,CARRIER,"rare_bp, merc",,,,0.6,2,4,,501
Retribution,retribution,Battlecruiser,Low Tech,orion_device,24,15000,1200,15000,dur,700,300,,75,50,40,10,10,2500,OMNI,,60,0.2,1.2,,,300,400,200,300,10,30,8,200000,3,12,600,0.25,35,35,,,,,,,,rare_bp,,,,0.5,2,4,,513
Nova,nova,Drone Battlecruiser,Remnant,nova_burst,28,12000,1000,18000,"pts, shi",1000,280,,80,70,50,12,16,3000,FRONT,,120,0.4,0.6,,,0,0,150,300,10,30,9,350000,3,15,600,0.25,40,40,,,,,,,UNBOARDABLE,"remnant, auto_rec, codex_unlockable",,,,0.5,2,4,,514
Odyssey,odyssey,Battlecruiser,High Tech,microburn,25,10000,1000,15000,mob,1000,280,2,80,50,40,8,12,2500,OMNI,,180,0.25,1,,,400,800,400,450,8,56,8,330000,4,20,600,0.25,45,45,,,,,,,,"rare_bp, hist3t, merc",,,,0.6,2,4,,505
Radiant,radiant,Drone Battleship,Remnant,phaseteleporter,40,20000,1500,25000,"pts, sys",1500,320,,40,30,20,7,10,3500,OMNI,,270,0.4,0.6,,,0,0,250,400,10,40,8,500000,3,15,720,0.25,60,60,,,,,,,UNBOARDABLE,"remnant, auto_rec, codex_unlockable",,,,0.4,2,4,,509
Ziggurat,ziggurat,Phase Vessel,High Tech,mote_control,60,14000,1500,16000,pts,1200,260,,40,50,50,20,30,2400,PHASE,phasecloak,,,,0.02,0.02,300,400,200,500,10,50,7,1000000,3,50,600,0.25,75,75,,,,,,,,"limited_tooltip_if_locked, codex_unlockable, no_dealer",,,,0.4,2,3,,510
Guardian,guardian,Drone Battleship,Explorarium,plasmajets,40,20000,1700,25000,dp,1000,450,,40,30,20,7,10,3500,FRONT,,200,0.4,1,,,0,0,300,400,15,27,7,500000,3,12,720,0.25,50,50,,,,,,,UNBOARDABLE,"derelict, no_autofit, no_sim, codex_unlockable",,,,0.4,2,4,,508