name,id,designation,tech/manufacturer,system id,fleet pts,hitpoints,armor rating,max flux,8/6/5/4%,flux dissipation,ordnance points,fighter bays,max speed,acceleration,deceleration,max turn rate,turn acceleration,mass,shield type,defense id,shield arc,shield upkeep,shield efficiency,phase cost,phase upkeep,min crew,max crew,cargo,fuel,fuel/ly,range,max burn,base value,cr %/day,CR to deploy,peak CR sec,CR loss/sec,supplies/rec,supplies/mo,c/s,c/f,f/s,f/f,crew/s,crew/f,hints,tags,logistics n/a reason,codex variant id,rarity,breakProb,minPieces,maxPieces,travel drive,number
,attack_swarm,Swarm,Threat,,,1000,1,1000,,200,0,,250,400,400,150,300,10,NONE,,0,0,0,,,0,0,,,,,,,,,,,,,,,,,,,,"threat_swarm_ai, swarm_fighter, threat",,,,0,,,,120
,skirmish_unit,Skirmish Unit,Threat,displacer_threat,7,3000,400,2500,2500,200,1000,,130,150,100,60,90,250,FRONT,,150,0.4,1.4,,,0,0,10,50,0.25,200,10,10000,100,10,,,6,6,,,,,,,UNBOARDABLE,"threat, threat_combat, threat_skirmish, codex_unlockable, limited_tooltip_if_locked",,,,0.5,2,2,,231
,overseer_unit,Overseer Unit,Threat,energy_lash,25,5000,600,5000,5000,400,1000,,90,90,70,30,60,350,OMNI,,150,0.4,1.4,,,0,0,40,100,0.5,200,9,100000,100,10,,,12,12,,,,,,,UNBOARDABLE,"threat, threat_overseer, codex_unlockable, limited_tooltip_if_locked",,,,0.5,2,3,,321
,assault_unit,Assault Unit,Threat,incursion_mode,12,7000,700,6000,5000,400,1000,,90,90,80,30,60,500,FRONT,,150,0.4,1.4,,,0,0,80,100,0.5,200,9,80000,100,10,,,15,15,,,,,,,UNBOARDABLE,"threat, threat_aggressive, threat_combat, codex_unlockable, limited_tooltip_if_locked",,,,0.5,2,2,,322
,hive_unit,Hive Unit,Threat,fragment_volley,20,16000,1200,10000,8333,500,1000,,70,50,40,15,20,2000,FRONT,,210,0.4,1.4,,,0,0,150,150,0.75,200,10,200000,100,10,,,33,33,,,,,,,UNBOARDABLE,"threat, threat_timid, threat_hive, codex_unlockable, limited_tooltip_if_locked",,,,0.5,2,3,,417
,standoff_unit,Line Unit,Threat,extraction_protocol,18,18000,1300,12000,11667,700,1000,,70,70,60,15,30,500,FRONT,,150,0.4,1.4,,,0,0,120,150,0.75,200,9,150000,100,10,,,30,30,,,,,,,UNBOARDABLE,"threat, threat_combat, codex_unlockable, limited_tooltip_if_locked",,,,0.5,2,3,,418
,fabricator_unit,Fabricator Unit,Threat,construction_swarm,600,30000,1500,20000,25000,1000,1000,,40,20,15,6,9,10000,OMNI,,150,0.4,1.4,,,0,0,2000,1000,1,1000,8,500000,1000,10,,,30,30,,,,,,,UNBOARDABLE,"threat, threat_fabricator, codex_unlockable, limited_tooltip_if_locked, full_cr_recovery",,,,0.5,3,4,,515