id,variant,tags,tier,rarity,fleet pts,op cost,formation,range,attackRunRange,attackPositionOffset,num,role,role desc,refit,base value,,,,,,,,,,,,,number
xyphos_wing,xyphos_Fighter,"support3, fighter, high, rare_bp, hist1t, merc, ind",3,0.5,7,18,V,0,500,,2,SUPPORT,Support,20,10000,,,,,,,,,,,,,2
sarissa_wing,sarissa_Fighter,"stay_in_front_of_ship, support3, fighter, low, rare_bp, hist1t, merc, ind",2,,7,12,CLAW,0,500,,3,SUPPORT,Support,15,8000,,,,,,,,,,,,,
,,,,,,,,,,,,,,,,,,,,,,,,,,,,
terminator_wing,drone_terminator,"no_drop, no_sell, high",3,,6,0,BOX,0,200,,2,SUPPORT,Point Defense,20,6000,,,,,,,,,,,,,19
claw_wing,claw_Fighter,"fighter2, interceptor, high, rare_bp, merc, ind",1,,5,8,CLAW,4000,300,500,5,FIGHTER,Fighter,5,9000,,,,,,,,,,,,,