{
	"id":"odd_skills",
	"name":"Odd Skills",
	"author":"Krill",
	"version":"A",
	"description":"Alzeheimer's Edition",
	"gameVersion":"0.98a-RC5",
	
	"replace": [
	"data/characters/skills/point_defense.skill",
	"data/characters/skills/damage_control.skill",
	"data/characters/skills/impact_mitigation.skill",
	"data/characters/skills/combat_endurance.skill",
	"data/characters/skills/polarized_armor.skill",
	"data/characters/skills/helmsmanship.skill",
	"data/characters/skills/field_modulation.skill",
	"data/characters/skills/ballistic_mastery.skill",
	"data/characters/skills/missile_specialization.skill",
	"data/characters/skills/ordnance_expert.skill",
	"data/characters/skills/target_analysis.skill",
	"data/characters/skills/systems_expertise.skill",
	]
}
