name,id,designation,tech/manufacturer,system id,fleet pts,hitpoints,armor rating,max flux,8/6/5/4%,flux dissipation,ordnance points,fighter bays,max speed,acceleration,deceleration,max turn rate,turn acceleration,mass,shield type,defense id,shield arc,shield upkeep,shield efficiency,phase cost,phase upkeep,min crew,max crew,cargo,fuel,fuel/ly,range,max burn,base value,cr %/day,CR to deploy,peak CR sec,CR loss/sec,supplies/rec,supplies/mo,c/s,c/f,f/s,f/f,crew/s,crew/f,hints,tags,logistics n/a reason,codex variant id,rarity,breakProb,minPieces,maxPieces,travel drive,number
Warthog,warthog,,Low Tech,ammofeed,,750,200,200,sys,50,0,,130,180,150,100,200,40,NONE,,0,0,0,,,2,2,,,,,,,,,,,,,,,,,,,,,,,,0,,,,110
Talon,talon,,Low Tech,,,200,25,400,mob,100,0,,325,400,300,300,300,10,NONE,,0,0,0,,,1,1,,,,,,,,,,,,,,,,,,,,,,,,0,,,,100
,,,,,,,,,,,,,,,,,,,,,,,,,,,,,,,,,,,,,,,,,,,,,,,,,,,,,,,
Hound,hound,Combat Freighter,Low Tech,flarelauncher,3,2000,400,1250,flu,100,38,,180,175,100,90,120,200,NONE,,0,0,0,,,10,40,75,30,1,30,10,7500,5,10,240,0.25,3,3,25,75,,,,,,"base_bp, ind",,,,0.4,2,2,,201
Vanguard,vanguard,Heavy Frigate,Low Tech,burndrive,6,3000,600,2500,flu,150,60,,135,120,100,60,90,300,PHASE,damper,,,,,,30,50,50,30,1,30,10,30000,8,10,300,0.25,6,6,8,50,,,,,,"rare_bp, merc, ind, special_allows_system_use, system_allows_special_use",,,0.75,0.4,2,2,,201.5
Cerberus,cerberus,Combat Freighter,Low Tech,burndrive,5,2500,400,1750,flu,150,50,,110,100,75,60,120,300,NONE,,0,0,0,,,20,50,100,40,1,40,10,9000,8,10,240,0.25,4,4,25,100,,,,,,"base_bp, ind",,,,0.3,2,2,,213
Hyperion,hyperion,Advanced Gunship,High Tech,phaseteleporter,15,2500,250,8000,pot,500,65,,120,175,150,50,100,200,FRONT,,300,0.6,0.6,,,5,15,10,15,1,15,10,95000,8,40,180,0.25,15,15,,,,,,,,"rare_bp, merc, ind, kanta_gift",,,0.5,0.75,2,2,,202
Afflictor,afflictor,Phase Frigate,High Tech,entropyamplifier,12,1500,400,3000,dp,400,55,,165,120,100,60,120,200,PHASE,phasecloak,90,,,0.03,0.04,5,10,25,50,1,50,10,42000,10,30,180,0.25,10,10,,,,,,,,"rare_bp, merc, ind",,,,0.5,2,2,,210
Scarab,scarab,Heavy Frigate,High Tech,temporalshell,8,2000,250,2500,pot,250,55,,130,120,100,60,120,300,OMNI,,180,0.4,0.6,,,35,45,40,20,1,20,10,30000,7,20,240,0.25,8,8,,,,,,,,"rare_bp, hist1t, merc, ind",,,,0.5,2,2,,220
Gremlin,gremlin,Phase Frigate,Low Tech,canister_flak,6,2500,450,1200,sys,160,35,,90,120,90,45,90,200,PHASE,phasecloak,90,,,0.06,0.06,4,10,10,20,1,20,9,26000,10,20,180,0.25,6,6,,,,,,,,base_bp,,,,0.5,2,2,,228
Omen,omen,Frigate,High Tech,emp,6,750,125,2500,shi,200,40,,155,220,175,120,360,100,OMNI,,360,0.3,0.7,,,10,20,30,20,1,20,10,20000,10,20,180,0.25,6,6,,,,,,,,"rare_bp, merc, ind",,,,0.5,2,2,,205
Warden,warden,Drone,Explorarium,ammofeed,3,2000,400,1250,"dur, flu",100,30,,120,100,90,90,120,150,NONE,,0,0,0,,,0,0,20,20,1,20,9,10000,5,5,480,0.25,3,3,,,,,,,UNBOARDABLE,"derelict, auto_rec, codex_unlockable",,,,0.5,2,2,,222
Defender,defender,Drone,Explorarium,flarelauncher,3,2300,450,1250,"dur, flu",100,30,,100,90,90,90,110,160,OMNI,,120,0.4,1,,,0,0,20,20,1,20,9,10000,5,5,480,0.25,3,3,,,,,,,UNBOARDABLE,"derelict, auto_rec, codex_unlockable",,,,0.5,2,2,,223
Picket,picket,Drone,Explorarium,maneuveringjets,3,1900,350,1250,"dur, flu",100,15,,200,175,150,100,120,120,NONE,,0,0,0,,,0,0,20,20,1,20,9,10000,5,5,480,0.25,3,3,,,,,,,UNBOARDABLE,"derelict, auto_rec, codex_unlockable",,,,0.5,2,2,,224
Sentry,sentry,Drone,Explorarium,fastmissileracks,3,1700,350,1250,"dur, flu",100,15,,110,90,90,60,100,120,NONE,,0,0,0,,,0,0,20,20,1,20,9,10000,5,5,480,0.25,3,3,,,,,,,UNBOARDABLE,"derelict, auto_rec, codex_unlockable",,,,0.5,2,2,,225
Centurion,centurion,Heavy Frigate,Midline,damper,6,2250,500,2200,dp,175,55,,120,110,90,40,80,300,OMNI,,180,0.4,0.8,,,30,50,50,25,1,25,10,20000,8,10,240,0.25,5,5,,,,,,,,"midline_bp, merc, ind",,,,0.4,2,2,,219
,,,,,,,,,,,,,,,,,,,,,,,,,,,,,,,,,,,,,,,,,,,,,,,,,,,,,,,
Buffalo Mk.II,buffalo2,Destroyer,Low Tech,flarelauncher,4,3500,300,2250,"pts, log, dur",100,70,,80,60,40,25,30,300,NONE,,0,0,0,,,20,40,20,30,2,15,9,18000,5,10,120,0.25,4,4,,,,,,,,"base_bp, ind",,,,0.6,2,3,,308
Bastillon,bastillon,Drone,Explorarium,flarelauncher,6,5500,850,3500,dur,250,60,,60,40,20,20,20,400,OMNI,,180,0.4,1,,,0,0,80,40,2,20,8,40000,5,10,540,0.25,6,6,,,,,,,UNBOARDABLE,"derelict, auto_rec, codex_unlockable",,,,0.5,2,3,,315
Berserker,berserker,Drone,Explorarium,burndrive,7,5500,875,3400,dur,225,60,,65,45,15,18,18,450,NONE,,0,0,0,,,0,0,80,40,2,20,8,40000,5,10,540,0.25,6,6,,,,,,,UNBOARDABLE,"derelict, auto_rec, codex_unlockable",,,,0.5,2,3,,316
Fulgent,fulgent,Droneship,Remnant,highenergyfocus,12,5000,450,5000,"dp, op, flu",300,100,,85,75,50,30,50,500,OMNI,,150,0.4,0.6,,,0,0,80,60,2,30,10,50000,5,15,420,0.25,11,11,,,,,,,UNBOARDABLE,"remnant, auto_rec, codex_unlockable",,,,0.5,2,3,,317
Harbinger,harbinger,Phase Destroyer,High Tech,acausaldisruptor,15,4000,650,5000,"op, dp",500,105,,100,75,50,30,30,400,PHASE,phasecloak,90,,,0.05,0.04,25,50,60,100,2,50,9,120000,5,30,300,0.25,20,20,,,,,,,,"rare_bp, merc, ind",,,,0.5,2,3,,314
,,,,,,,,,,,,,,,,,,,,,,,,,,,,,,,,,,,,,,,,,,,,,,,,,,,,,,,
Dram,dram,Tanker,Low Tech,flarelauncher,3,750,200,1500,civ,100,30,,120,70,50,30,60,200,OMNI,,90,0.5,1.2,,,5,10,15,300,1,300,10,8000,8,20,180,0.25,2,2,,,150,300,,,"CIVILIAN, TANKER","base_bp, merc, ind",,,,0.7,2,4,,209
Hermes,hermes,Shuttle,Midline,maneuveringjets,3,1200,200,1000,civ,80,27,,125,90,80,90,120,125,OMNI,,120,0.5,1,,,2,10,50,15,0.5,30,10,4000,5,20,180,0.25,2,2,25,100,,,,,"CIVILIAN, FREIGHTER","base_bp, ind",,,,0.5,2,2,,203.5
Mercury,mercury,Shuttle,High Tech,flarelauncher_active,3,1000,150,1600,civ,150,27,,135,100,100,90,120,125,OMNI,,120,0.5,0.8,,,1,30,20,15,0.5,30,10,4000,5,20,180,0.25,2,2,10,40,,,15,60,"CIVILIAN, LINER","base_bp, ind",,,,0.5,2,2,,203
Mudskipper,mudskipper,Civilian Transport,Low Tech,maneuveringjets,3,1000,150,750,civ,75,18,,90,80,50,45,60,200,NONE,,0,0,0,,,5,100,70,40,1,40,10,3000,5,20,180,0.25,2,2,35,70,,,50,100,"CIVILIAN, LINER","base_bp, ind",,,,0.5,2,2,,218
,,,,,,,,,,,,,,,,,,,,,,,,,,,,,,,,,,,,,,,,,,,,,,,,,,,,,,,
Gemini,gemini,Combat Freighter,Midline,reservewing,9,4500,250,2700,"mob, log, civ",170,85,1,70,45,25,25,20,400,OMNI,,150,0.4,0.8,,,55,120,250,70,2,35,9,36000,4,8,360,0.25,9,9,28,125,,,,,,"midline_bp, ind",,,,0.6,2,3,,305
Krieg,crig,Salvage Rig,Midline,flarelauncher,3,2000,200,1000,civ,100,16,,50,30,20,25,15,300,NONE,,0,0,0,,,20,2,0,0,2,0,9,20000,5,20,360,0.25,3,3,,,,,,,CIVILIAN,"base_bp, ind",,,,0.75,2,3,,312
Buffalo,buffalo,Freighter,High Tech,flarelauncher_active,5,3000,125,1500,civ,70,28,,50,25,20,15,7,400,OMNI,,120,0.5,1,,,10,20,400,80,2,40,9,20000,5,20,240,0.25,3,3,133,200,,,,,"CIVILIAN, FREIGHTER","base_bp, merc, ind",,,,0.6,2,3,,304
Tarsus,tarsus,Freighter,Low Tech,burndrive,6,4250,400,1800,civ,125,40,,45,35,25,25,15,400,OMNI,,120,0.66,1.2,,,30,80,350,80,3,27,9,18000,5,20,420,0.25,3,3,117,117,,,,,"CIVILIAN, FREIGHTER","lowtech_bp, merc, ind",,,,0.5,2,3,,306
Nebula,nebula,Civilian Transport,Midline,flarelauncher,5,3000,175,1500,civ,85,40,,55,35,20,20,12,450,FRONT,,150,0.5,1,,,15,400,120,80,2,40,9,20000,4,20,240,0.25,4,4,,,,,100,200,"CIVILIAN, LINER","base_bp, merc, ind",,,,,2,3,,313
Phaeton,phaeton,Tanker,Low Tech,flarelauncher,6,2000,350,2000,civ,150,45,,50,30,20,25,15,400,OMNI,,90,0.5,1.2,,,10,20,20,800,2,400,9,22000,5,20,300,0.25,4,4,,,200,400,,,"CIVILIAN, TANKER","base_bp, merc, ind",,,,0.75,3,4,,311
,,,,,,,,,,,,,,,,,,,,,,,,,,,,,,,,,,,,,,,,,,,,,,,,,,,,,,,
Colossus,colossus,Heavy Freighter,Low Tech,flarelauncher,7,6000,300,2750,civ,100,55,,40,20,10,10,10,1500,FRONT,,150,0.5,1,,,40,200,900,120,4,30,8,40000,3,20,480,0.25,6,6,150,225,,,,,"CIVILIAN, FREIGHTER","base_bp, merc, ind",,,,0.6,2,3,,411
Starliner,starliner,Civilian Transport,Midline,flarelauncher,7,5500,225,2500,civ,125,60,,45,20,10,10,10,900,FRONT,,150,0.5,1,,,50,1500,300,120,3,40,8,50000,3,20,480,0.25,10,10,,,,,150,500,"CIVILIAN, LINER","midline_bp, merc, ind",,,,0.6,2,3,,409
Venture,venture,Cruiser,Low Tech,fastmissileracks,10,10000,1250,7000,civ,300,115,1,40,15,10,12,6,1500,OMNI,,120,0.4,1,,,80,300,600,180,3,60,8,70000,5,10,540,0.25,14,14,,,,,,,,"base_bp, merc, ind",,,,0.4,2,3,,402
,,,,,,,,,,,,,,,,,,,,,,,,,,,,,,,,,,,,,,,,,,,,,,,,,,,,,,,
Atlas,atlas,Superfreighter,Low Tech,flarelauncher,7,8000,250,4000,civ,200,65,,25,5,2,3,2,4000,OMNI,,45,0.5,1,,,50,100,2000,400,6,67,7,75000,2,20,720,0.25,10,10,200,333,,,,,"CIVILIAN, FREIGHTER","rare_bp, merc, ind",,,,0.7,2,4,,502
Prometheus,prometheus,Tanker,Low Tech,flarelauncher,12,10000,1200,7000,civ,300,95,,50,15,10,4,4,4000,OMNI,,180,0.5,1.2,,,50,100,200,3000,6,500,7,80000,2,20,720,0.25,10,10,,,300,500,,,"CIVILIAN, TANKER","rare_bp, merc, ind",,,,0.75,3,5,,506
,,,,,,,,,,,,,,,,,,,,,,,,,,,,,,,,,,,,,,,,,,,,,,,,,,,,,,,
Apogee,apogee,Cruiser,High Tech,flarelauncher_active,14,9000,750,12000,shi,700,140,,60,50,40,20,25,2000,FRONT,,360,0.6,0.6,,,150,450,400,200,2,100,8,140000,3,15,420,0.25,20,20,,,,,,,,"rare_bp, merc, ind",,,,0.6,2,3,,403
Fury,fury,Light Cruiser,High Tech,microburn,14,5000,600,9000,dp,600,130,,95,100,80,30,60,1650,OMNI,,180,0.3,0.7,,,60,120,60,80,3,27,9,115000,4,12,420,0.25,18,18,,,,,,,,"hightech_bp, merc, ind",,,,0.7,2,3,,415
Heron,heron,Fast Carrier,Midline,targetingfeed,14,6000,750,6000,"tag, flu",400,100,3,80,60,40,20,25,800,OMNI,,180,0.5,0.8,,,150,250,90,60,3,20,8,120000,3,12,360,0.25,20,20,,,,,,,"CARRIER, COMBAT, NO_AUTO_ESCORT","midline_bp, merc, ind",,,,0.5,2,3,,407
Mora,mora,Carrier,Low Tech,damper,15,10000,1250,4000,tag,200,125,3,45,20,10,10,10,2000,OMNI,,150,0.4,1,,,200,300,100,60,4,15,8,125000,4,12,420,0.25,20,20,,,,,,,"CARRIER, COMBAT","lowtech_bp, merc, ind",,,,0.4,2,3,,410
Anubis,anubis,Experimental Cruiser,High Tech,temporalshell,17,7000,700,12000,dp,700,170,1,80,100,90,30,60,1500,OMNI,,210,0.3,0.6,,,50,100,100,80,3,27,8,180000,4,12,420,0.25,30,30,,,,,,,,"rare_bp, merc",,,,0.6,2,3,,415.1
Aurora,aurora,Cruiser,High Tech,plasmajets,17,8000,800,11000,dp,800,165,,80,50,25,25,25,1800,OMNI,,180,0.5,0.6,,,75,200,150,90,3,30,8,200000,4,20,420,0.25,35,35,,,,,,,,"rare_bp, hist2t, merc, ind",,,,0.6,2,3,,405
Brilliant,brilliant,Droneship Cruiser,Remnant,flarelauncher_active,16,8000,900,10000,hng,600,140,1,60,35,30,20,25,2000,OMNI,,270,0.4,0.6,,,0,0,120,90,3,30,9,140000,5,15,540,0.25,25,25,,,,,,,UNBOARDABLE,"remnant, auto_rec, codex_unlockable",,,,0.5,2,3,,413
Eradicator,eradicator,Fast Cruiser,Low Tech,ammofeed,13,9000,1200,9000,dp,400,150,,70,50,40,15,20,1800,OMNI,,150,0.4,1,,,120,170,100,120,4,30,9,100000,4,12,540,0.25,20,20,,,,,,,,"rare_bp, merc, ind",,,,0.5,2,4,,404.5
Doom,doom,Phase Cruiser,High Tech,mine_strike,25,8000,1250,10000,dp,900,145,,75,55,40,20,25,1200,PHASE,phasecloak,,,,0.05,0.05,50,100,120,150,3,50,8,250000,4,30,420,0.25,40,40,,,,,,,,"rare_bp, hist2t, merc, kanta_gift",,,,0.5,2,3,,406
,,,,,,,,,,,,,,,,,,,,,,,,,,,,,,,,,,,,,,,,,,,,,,,,,,,,,,,
Pegasus,pegasus,Battleship,Midline,fastmissileracks,30,17000,1500,14000,mob,500,365,,50,35,25,6,6,3000,FRONT,,270,0.4,0.8,,,500,600,400,300,10,30,7,400000,4,12,720,0.25,50,50,,,,,,,,"rare_bp, merc",,,,0.5,2,4,,512
Invictus,invictus,Dreadnought,Low Tech,lidararray,35,40000,10000,30000,cost,500,240,,35,15,15,4,4,10000,PHASE,canister_flak,0,0,0,,,4000,6000,1000,800,20,40,6,350000,3,12,1200,0.25,60,60,,,,,,,NEVER_DODGE_MISSILES,rare_bp,,,,0.2,2,2,,511
Paragon,paragon,Battleship,High Tech,fortressshield,35,18000,1500,25000,"pts, shi",1250,370,,30,15,10,5,5,3500,OMNI,,360,0.7,0.6,,,400,1000,300,300,10,30,7,500000,4,20,720,0.25,60,60,,,,,,,,"rare_bp, hist3t, merc",,,,0.6,2,4,,504
Onslaught Mk.I,onslaught_mk1,Battleship,Domain Restricted,combat_burn,28,30000,1200,15000,dp,500,300,,20,8,8,4,4,4000,NONE,,0,0,0,,,0,0,700,800,10,80,7,300000,5,10,,,40,40,,,,,,,SHIP_WITH_MODULES,"no_auto_penalty, codex_unlockable, no_dealer",,,,0.4,2,4,,500.5
Astral,astral,Carrier,High Tech,recalldevice,27,10000,900,12000,hng,600,270,8,30,15,10,7,4,3000,FRONT,,360,0.7,0.7,,,450,1000,250,200,10,20,7,400000,3,15,600,0.25,50,50,,,,,,,CARRIER,"rare_bp, merc. ind",,,,0.6,2,4,,501
Retribution,retribution,Battlecruiser,Low Tech,orion_device,24,15000,1200,15000,dur,700,300,,75,50,40,10,10,2500,OMNI,,60,0.2,1.2,,,300,400,200,300,10,30,8,200000,3,12,600,0.25,35,35,,,,,,,,rare_bp,,,,0.5,2,4,,513
Nova,nova,Drone Battlecruiser,Remnant,nova_burst,28,12000,1000,18000,"pts, shi",1000,280,,80,70,50,12,16,3000,FRONT,,120,0.4,0.6,,,0,0,150,300,10,30,9,350000,3,15,600,0.25,40,40,,,,,,,UNBOARDABLE,"remnant, auto_rec, codex_unlockable",,,,0.5,2,4,,514
Odyssey,odyssey,Battlecruiser,High Tech,microburn,25,10000,1000,15000,mob,1000,280,2,80,50,40,8,12,2500,OMNI,,180,0.25,1,,,400,800,400,450,8,56,8,330000,4,20,600,0.25,45,45,,,,,,,,"rare_bp, hist3t, merc, ind",,,,0.6,2,4,,505
Radiant,radiant,Drone Battleship,Remnant,displacer,40,20000,1500,25000,"dp, log",1500,320,,40,30,20,7,10,3500,OMNI,,270,0.4,0.6,,,0,0,250,400,10,40,8,750000,3,15,720,0.25,75,75,,,,,,,UNBOARDABLE,"remnant, auto_rec, codex_unlockable",,,,0.4,2,4,,509
Ziggurat,ziggurat,Phase Vessel,High Tech,mote_control,40,14000,1500,16000,pts,1200,260,,40,50,50,20,30,2400,PHASE,phasecloak,,,,0.02,0.02,300,400,200,500,10,50,7,1000000,3,50,600,0.25,75,75,,,,,,,,"limited_tooltip_if_locked, codex_unlockable, no_dealer",,,,0.4,2,3,,510
Guardian,guardian,Drone Battleship,Explorarium,plasmajets,35,20000,1700,25000,dp,1000,450,,40,30,20,7,10,3500,FRONT,,200,0.4,1,,,0,0,300,400,15,27,7,500000,3,12,720,0.25,60,60,,,,,,,UNBOARDABLE,"derelict, no_autofit, no_sim, codex_unlockable",,,,0.4,2,4,,508
,,,,,,,,,,,,,,,,,,,,,,,,,,,,,,,,,,,,,,,,,,,,,,,,,,,,,,,
,derelict_mothership_pod_s_right,"Gun Pod, Small",Explorarium,,1,3000,300,1000,2500,100,14,,0,0,0,10,10,70,NONE,,0,0,0,,,0,0,0,0,1,0,,500000,,1,,,0,0,,,,,,,"UNBOARDABLE, HIDE_IN_CODEX, MODULE",,,,,0.5,2,2,,2101
,derelict_mothership_pod_m_right,"Gun Pod, Medium",Explorarium,,1,5000,400,1500,5000,200,22,,0,0,0,10,10,120,NONE,,0,0,0,,,0,0,0,0,1,0,,500000,,1,,,0,0,,,,,,,"UNBOARDABLE, HIDE_IN_CODEX, MODULE",,,,,0.5,2,2,,2102
,derelict_mothership_pod_m_left,"Gun Pod, Medium",Explorarium,,1,6400,400,2000,5000,200,26,,0,0,0,10,10,150,NONE,,0,0,0,,,0,0,0,0,1,0,,500000,,1,,,0,0,,,,,,,"UNBOARDABLE, HIDE_IN_CODEX, MODULE",,,,,0.5,2,2,,2103
,derelict_mothership_pod_engine_left,"Gun Pod, Rear",Explorarium,,1,6400,400,2000,5000,200,28,,0,0,0,10,10,220,NONE,,0,0,0,,,0,0,0,0,1,0,,500000,,1,,,0,0,,,,,,,"UNBOARDABLE, HIDE_IN_CODEX, MODULE",,,,,0.5,2,2,,2104
,derelict_mothership_bow_module,Bow Shield Module,Explorarium,,1,6000,600,3000,6250,250,16,,0,0,0,10,10,200,NONE,,0,0,0,,,0,0,0,0,1,0,,500000,,1,,,0,0,,,,,,,"UNBOARDABLE, HIDE_IN_CODEX, MODULE",,,,,0.5,2,2,,2105
,derelict_mothership_sensor_mast,Bow Sensor Mast,Explorarium,,1,10000,400,3000,6250,250,32,,0,0,0,10,10,280,NONE,,0,0,0,,,0,0,0,0,1,0,,500000,,1,,,0,0,,,,,,,"UNBOARDABLE, HIDE_IN_CODEX, MODULE",,,,,0.7,2,2,,2106