name,id,designation,tech/manufacturer,system id,fleet pts,hitpoints,armor rating,max flux,8/6/5/4%,flux dissipation,ordnance points,fighter bays,max speed,acceleration,deceleration,max turn rate,turn acceleration,mass,shield type,defense id,shield arc,shield upkeep,shield efficiency,phase cost,phase upkeep,min crew,max crew,cargo,fuel,fuel/ly,range,max burn,base value,cr %/day,CR to deploy,peak CR sec,CR loss/sec,supplies/rec,supplies/mo,c/s,c/f,f/s,f/f,crew/s,crew/f,hints,tags,logistics n/a reason,codex variant id,rarity,breakProb,minPieces,maxPieces,travel drive,number
,attack_swarm,Swarm,Threat,,,1000,25,1000,,200,0,,250,400,400,150,300,10,NONE,,0,0,0,,,0,0,,,,,,,,,,,,,,,,,,,,"threat_swarm_ai, swarm_fighter, threat",,,,0,,,,120
,skirmish_unit,Skirmish Unit,Threat,displacer_threat,7,3000,400,2500,2500,200,1000,,130,150,100,60,90,250,FRONT,,150,0.4,1.4,,,0,0,10,50,0.25,200,10,10000,100,10,,,6,6,,,,,,,UNBOARDABLE,"threat, threat_combat, threat_skirmish, codex_unlockable, limited_tooltip_if_locked",,,,0.5,2,2,,231
,overseer_unit,Overseer Unit,Threat,energy_lash,25,5000,600,5000,5000,400,1000,,90,90,70,30,60,350,OMNI,,150,0.4,1.4,,,0,0,40,100,0.5,200,9,100000,100,10,,,12,12,,,,,,,UNBOARDABLE,"threat, threat_overseer, codex_unlockable, limited_tooltip_if_locked",,,,0.5,2,3,,321
,assault_unit,Assault Unit,Threat,incursion_mode,12,7000,700,6000,5000,400,1000,,90,90,80,30,60,500,FRONT,,150,0.4,1.4,,,0,0,80,100,0.5,200,9,80000,100,10,,,15,15,,,,,,,UNBOARDABLE,"threat, threat_aggressive, threat_combat, codex_unlockable, limited_tooltip_if_locked",,,,0.5,2,2,,322
,hive_unit,Hive Unit,Threat,fragment_volley,20,11000,1200,10000,8333,500,1000,,70,50,40,15,20,2000,FRONT,,210,0.4,1.4,,,0,0,150,150,0.75,200,10,200000,100,10,,,33,33,,,,,,,UNBOARDABLE,"threat, threat_timid, threat_hive, codex_unlockable, limited_tooltip_if_locked",,,,0.5,2,3,,417
,standoff_unit,Line Unit,Threat,extraction_protocol,18,12000,1300,12000,11667,700,1000,,70,70,60,15,30,500,FRONT,,150,0.4,1.4,,,0,0,120,150,0.75,200,9,150000,100,10,,,30,30,,,,,,,UNBOARDABLE,"threat, threat_combat, codex_unlockable, limited_tooltip_if_locked",,,,0.5,2,3,,418
,fabricator_unit,Fabricator Unit,Threat,construction_swarm,600,20000,1500,20000,25000,1000,1000,,40,20,15,6,9,10000,OMNI,,150,0.4,1.4,,,0,0,2000,1000,1,1000,8,500000,1000,10,,,30,30,,,,,,,UNBOARDABLE,"threat, threat_fabricator, codex_unlockable, limited_tooltip_if_locked, full_cr_recovery",,,,0.5,3,4,,515
,,,,,,,,,,,,,,,,,,,,,,,,,,,,,,,,,,,,,,,,,,,,,,,,,,,,,,,
,shrouded_vortex,Shrouded Vortex,Shrouded Dweller,shrouded_vortex,,2000,10,0,,0,1000,,200,100,100,720,90,300,NONE,,0,0,0.7,,,0,0,,,,,,,,,,,,,,,,,,,,"dweller, dweller_vortex, no_armor_schematic, codex_unlockable, show_in_codex_as_ship, monster, module_hull_bar_only, limited_tooltip_if_locked, no_battle_salvage",Not available,shrouded_vortex_Churning,,0,,,,121
,shrouded_ejecta,Shrouded Ejecta,Shrouded Dweller,,,4000,10,0,,0,1000,,300,100,100,720,90,300,NONE,,0,0,0.7,,,0,0,,,,,,,,,,,,,,,,,,,,"dweller, dweller_ejecta, no_armor_schematic, monster, module_hull_bar_only, limited_tooltip_if_locked, no_battle_salvage",Not available,shrouded_ejecta_Churning,,0,,,,122
,shrouded_tendril,Shrouded Tendril,Shrouded Dweller,convulsive_lunge,20,8000,10,6000,6250,500,1000,,120,240,240,50,100,500,OMNI,,180,0,0.7,,,0,0,0,0,1,0,5,0,100,1,,,15,15,,,,,,,UNBOARDABLE,"dweller, dweller_reckless, no_armor_schematic, codex_unlockable, monster, limited_tooltip_if_locked, no_battle_salvage",Not available,shrouded_tendril_Roiling,,0,,,,323
,shrouded_eye,Shrouded Eye,Shrouded Dweller,darkened_gaze,40,12000,10,20000,16667,1000,1000,,100,200,200,40,80,1500,OMNI,,360,0,0.7,,,0,0,0,0,1,0,5,0,100,1,,,30,30,,,,,,,"COMBAT, UNBOARDABLE","dweller, dweller_reckless, no_armor_schematic, codex_unlockable, monster, limited_tooltip_if_locked, no_battle_salvage",Not available,shrouded_eye_Darkened,,0,,,,323
,shrouded_maelstrom,Shrouded Maelstrom,Shrouded Dweller,tenebrous_expulsion,40,20000,10,15000,16667,1000,1000,,50,100,100,30,60,2500,FRONT,,150,0,0.7,,,0,0,0,0,1,0,5,0,100,1,,,30,30,,,,,,,UNBOARDABLE,"dweller, dweller_timid, no_armor_schematic, codex_unlockable, monster, limited_tooltip_if_locked, no_battle_salvage",Not available,shrouded_maelstrom_Menacing,,0,,,,324
,shrouded_maw,Shrouded Maw,Shrouded Dweller,convulsive_lunge,200,50000,10,40000,66667,4000,1000,,70,150,150,15,15,10000,FRONT,,90,0,0.7,,,0,0,0,0,1,0,5,0,100,1,,,60,60,,,,,,,"COMBAT, UNBOARDABLE","dweller, dweller_reckless, no_armor_schematic, codex_unlockable, monster, center_diamond_on_hull_center, limited_tooltip_if_locked, no_battle_salvage",Not available,shrouded_maw_Ravenous,,0,,,,516