id,variant,tags,tier,rarity,fleet pts,op cost,formation,range,attackRunRange,attackPositionOffset,num,role,role desc,refit,base value,,,,,,,,,,,,,number
xyphos_wing,xyphos_Fighter,"support3, fighter, high, rare_bp, hist1t, merc, ind",3,0.5,7,18,V,0,500,,2,SUPPORT,Support,20,10000,,,,,,,,,,,,,2
sarissa_wing,sarissa_Fighter,"stay_in_front_of_ship, support3, fighter, low, rare_bp, hist1t, merc, ind",2,,7,12,CLAW,0,500,,3,SUPPORT,Support,15,8000,,,,,,,,,,,,,
,,,,,,,,,,,,,,,,,,,,,,,,,,,,
flash_wing,flash_Bomber,"no_sell, bomber, remnant, bomber5, auto_fighter, merc, codex_unlockable",3,,5,15,V,4000,2500,300,3,BOMBER,Strike Drone,18,8000,,,,,,,,,,,,,21
,,,,,,,,,,,,,,,,,,,,,,,,,,,,
terminator_wing,drone_terminator,"no_drop, no_sell, high",3,,6,0,BOX,0,200,,2,SUPPORT,Point Defense,20,6000,,,,,,,,,,,,,19