name,id,tier,rarity,base value,range,damage/second,damage/shot,emp,impact,turn rate,OPs,ammo,ammo/sec,reload size,type,energy/shot,energy/second,chargeup,chargedown,burst size,burst delay,min spread,max spread,spread/shot,spread decay/sec,beam speed,proj speed,launch speed,flight time,proj hitpoints,autofireAccBonus,extraArcForAI,hints,tags,groupTag,tech/manufacturer,for weapon tooltip>>,primaryRoleStr,speedStr,trackingStr,turnRateStr,accuracyStr,customPrimary,customPrimaryHL,customAncillary,customAncillaryHL,noDPSInTooltip,number
Flare Launcher 1,flarelauncher1,,,,800,,10,100,,,,,0,,ENERGY,0,0,0,0.1,10,0.1,60,60,0,0,,150,300,6,500,,,SYSTEM,,,,,,,,,,,,,,,36
Seeker Flare Launcher,flarelauncher3,,,,1000,,10,400,,,,,0,,ENERGY,0,0,0,0.1,3,0.1,90,90,0,0,,400,200,14,500,,,SYSTEM,,,,,,,,,,,,,,,38
Canister Flak,canister_flak,,,,200,,200,,,,,,0,,HIGH_EXPLOSIVE,0,0,0,0.1,5,0.5,150,150,0,0,,50,200,2,100,,,SYSTEM,,,,,,,,,,,,,,,35.5
Minelayer,minelayer1,0,,200000,1000,,2000,,25,30,12,30,,,HIGH_EXPLOSIVE,0,,0,3,1,,0,0,0,0,,50,50,20,1000,,,SYSTEM,,,,,,,,,,,,,,,38.5
Heavy Minelayer,minelayer2,0,,200000,1000,,2000,,25,30,12,30,,,HIGH_EXPLOSIVE,0,,0,3,1,,0,0,0,0,,50,50,20,1000,,,SYSTEM,,,,,,,,,,,,,,,38.7
,,,,,,,,,,,,,,,,,,,,,,,,,,,,,,,,,,,,,,,,,,,,,,,,
IR Autolance,irautolance,0,,1200,1000,500,,,0,50,10,40,2,10,FRAGMENTATION,,150,0,0,0.1,0,,,,,1000000,,,,,,,USE_LESS_VS_SHIELDS,"beam12, energy10, rare_bp, merc",,,,General,,,,,,,,,,21.5
Phase Lance,phasebeam,0,,1500,600,1000,,,0,20,10,,,,ENERGY,,1200,0.25,0.5,1,4,,,,,3200,,,,,,,,"energy14, beam10, rare_bp, merc, ind",,,,General,,,,,,,,,,20
Mining Blaster,miningblaster,0,,1000,600,,600,,0,7,10,,,,ENERGY,1200,,0,2,,,,,,,,1000,,,,,,,"energy12, base_bp, ind",,,,General,,,,,,,,,,22.125
Thumper,shredder,0,,700,700,,100,,1,25,9,60,5,20,FRAGMENTATION,30,,0,0.55,20,0.05,0,7,1,20,,800,,,30,,,,"kinetic8, base_bp, ind",,,,General,,,,,,,,,,3.8
,,,,,,,,,,,,,,,,,,,,,,,,,,,,,,,,,,,,,,,,,,,,,,,,
Pulse Laser,pulselaser,0,,1200,600,,100,,0,20,10,,,,ENERGY,100,,0.333333,0,,,,,,,,1000,,,,,,,"energy13, base_bp, merc, ind",,,,General,,,,,,,,,,22
IR Pulse Laser,irpulse,0,,250,500,,50,,0,50,5,,,,ENERGY,50,,0.333333,0,,,,,,,,1000,,,,,,,"energy8, hightech_bp, merc, ind",,,,General,,,,,,,,,,19.25
    Gazer - Payload,gazer_payload,1,,0,1000,100,,,0,30,0,,,,KINETIC,0,,0.1,0.1,10,0.5,,,,,2400,,,,,,,SYSTEM,,,,,,,,,,,,,,,11.95
Graviton Beam,gravitonbeam,1,,1500,1000,100,,,0,15,9,,,,KINETIC,,75,0.1,0.1,,,,,,,2400,,,,,,,,"beam12, kinetic11, LR, hightech_bp, midline_bp, merc, ind",,,,Suppression,,,,,"Disrupts the target's shields, increasing all shield damage taken by %s for one full-power graviton beam, %s for two, and %s for three or more hitting the shields at the same time.",5% | 8% | 10%,,,,21
,,,,,,,,,,,,,,,,,,,,,,,,,,,,,,,,,,,,,,,,,,,,,,,,
Gorgon SRM Pod,gorgonpod,0,,1300,1500,,800,,15,10,10,12,,,ENERGY,0,,0,9.5,2,0.5,0,0,0,0,,300,75,6,250,,,DO_NOT_AIM,"missile12, strike9, merc, rare_bp, damage_special, damage_soft_flux",,,,Assault / Finisher,Medium,Good,,,"Each missile fires a high-powered laser when it gets near the target, dealing approximately %s energy damage in a short burst. This damage is affected by missile damage modifiers and not energy weapon ones.",800,,,TRUE,12.2
Hydra MDEM Launcher,hydra,1,,5000,2500,,1500,,50,10,20,10,,,ENERGY,,,0,10,1,,0,0,0,0,,300,75,7,400,,,"DO_NOT_AIM, CONSERVE_5","missile18, strike10, rare_bp, merc, damage_special, damage_soft_flux",,,,General,Medium,Excellent,,,The missile splits into %s submunitions which try to flank the target. Each one then fires a high-powered laser dealing approximately %s energy damage in a short burst. This damage is affected by missile damage modifiers and not energy weapon ones.,6 | 500,,,TRUE,16.05
Swarmer SRM Launcher,swarmer,0,,250,1000,,100,,15,50,3,60,,,HIGH_EXPLOSIVE,0,,0,5,4,0.2,0,0,0,0,,300,100,5,50,,,"ANTI_FTR, DO_NOT_AIM, DO_NOT_CONSERVE","utility8, missile0, missile_bp, merc, ind",,,,Anti Small Craft,Fast,Excellent,,,,,,,,10
,,,,,,,,,,,,,,,,,,,,,,,,,,,,,,,,,,,,,,,,,,,,,,,,
Dragonfire DEM Torpedo,dragon,1,,2000,2000,,4000,,15,20,12,2,,,ENERGY,0,,0,10,1,,0,0,0,0,,150,0,12.5,600,,,"DO_NOT_AIM, STRIKE","strike8, missile3, merc, rare_bp, damage_special, damage_soft_flux",,,,Torpedo,Slow,Good,,,"The missile fires a high-powered laser when it gets near the target, dealing approximately %s energy damage in a short burst. This damage is affected by missile damage modifiers and not energy weapon ones.",4000,,,TRUE,12.11
Dragonfire Torpedo Pod,dragonpod,1,,7000,2000,,4000,,15,20,28,5,,,ENERGY,0,,0,15,1,,0,0,0,0,,150,0,12.5,600,,,"DO_NOT_AIM, STRIKE","strike18, missile15, merc, rare_bp, damage_special, damage_soft_flux",,,,Torpedo,Slow,Good,,,"The missile fires a high-powered laser when it gets near the target, dealing approximately %s energy damage in a short burst. This damage is affected by missile damage modifiers and not energy weapon ones.",4000,,,TRUE,16.01
,,,,,,,,,,,,,,,,,,,,,,,,,,,,,,,,,,,,,,,,,,,,,,,,
Antimatter Blaster,amblaster,2,0.7,900,400,,1400,,0,30,9,20,,,ENERGY,1500,,0.25,10,,,0,0,0,0,,1000,,,100,,,"STRIKE, USE_VS_FRIGATES, GROUP_ALTERNATING","strike10, rare_bp, hist1t, merc, ind",SR_strike_only,,,Strike,,,,,,,,,,19.75
Assault Chaingun,chaingun,0,,1000,450,,90,,3,30,10,,,,HIGH_EXPLOSIVE,60,,0,0.15,1,,0,20,1,10,,800,,,30,,,,"he15, SR, lowtech_bp, midline_bp, merc, ind",,,,Anti Armor,,,,,,,,,,4.5
Heavy Machine Gun,heavymg,1,,1200,450,,40,,3,50,10,,,,KINETIC,15,,0,0.2,4,0.1,0,5,1,15,,700,,,30,,,"PD,PD_ALSO","kinetic13, pd10, SR, midline_bp, merc, ind",,,,Point Defense,,,,,,,,,,3.85
,,,,,,,,,,,,,,,,,,,,,,,,,,,,,,,,,,,,,,,,,,,,,,,,
Heavy Mauler,heavymauler,2,0.3,2000,1000,,200,,10,20,12,,,,HIGH_EXPLOSIVE,200,,0,4.4,3,0.3,0,10,2,5,,900,,,30,,,,"he15, LR, remnant, rare_bp, merc, ind",,,,Anti Armor,,,,,,,,,,4.75
Arbalest Autocannon,arbalest,0,,800,700,,150,,10,12,8,,,,KINETIC,120,,0,1,1,,0,15,5,10,,800,,,30,,,,"kinetic12, base_bp, ind",,,,Anti Shield,,,,,,,,,,4.125
Heavy Autocannon,heavyac,0,,1000,800,,100,,10,7,10,,,,KINETIC,100,,0,1,3,0.2,0,18,3,10,,800,,,30,,,,"kinetic14, lowtech_bp, merc, ind",,,,Anti Shield,,,,,,,,,,5
Railgun,railgun,1,0.5,600,700,,100,,10,30,8,,,,KINETIC,90,,0.6,0,1,,,,,,,1000,,,50,,,,"kinetic8, LR, remnant, rare_bp, hist1t, merc, ind",,,,Anti Shield,,,,,,,,,,3.75
Light Needler,lightneedler,2,0.3,800,700,,50,,1,20,9,,,,KINETIC,40,,0,4.3,15,0.05,0,10,0.66,5,,1200,,,10,,,,"kinetic9, LR, remnant, rare_bp, hist1t, merc, ind",,,,Anti Shield,,,,,,,,,,3.65
Light Autocannon,lightac,0,,125,700,,50,,3,20,5,,,,KINETIC,40,,0,0.5,1,,0,8,2,15,,800,,,20,,,,"kinetic6, base_bp, ind",,,,Anti Shield,,,,,,,,,,2
Light Dual Autocannon,lightdualac,0,,300,600,,50,,3,20,6,,,,KINETIC,30,,0,0.6,2,0.1,0,20,3,9,,800,,,20,,,,"kinetic7, lowtech_bp, midline_bp, merc, ind",,,,Anti Shield,,,,,,,,,,2.5
,,,,,,,,,,,,,,,,,,,,,,,,,,,,,,,,,,,,,,,,,,,,,,,,
"Light Mortar (High Delay, Fighter)",lightmortar_fighter,0,,75,600,,75,,4,30,2,,,,HIGH_EXPLOSIVE,50,,0,2,1,,0,15,3,10,,500,,,10,,,SYSTEM,"he6, show_in_codex",,,,Anti Armor (Fighter),,,,,,,,,,0.8
,,,,,,,,,,,,,,,,,,,,,,,,,,,,,,,,,,,,,,,,,,,,,,,,
Ion Cannon,ioncannon,1,,500,600,,25,400,0,40,6,,,,ENERGY,30,,0.5,0,,,,,,,,1000,,,,,,,"energy8, hightech_bp, merc, ind",,,,Suppression,,,,,"Hits on hull or armor have a %s chance to arc to weapons and engines, dealing extra damage equal to the original hit.",25%,,,,19
"Ion Cannon (High Delay, Fighter)",ioncannon_fighter,1,,500,600,,25,400,0,40,6,,,,ENERGY,30,,0.5,0.5,,,,,,,,1000,,,,,,SYSTEM,"energy8, show_in_codex",,,,Suppression (Fighter),,,,,"Hits on hull or armor have a %s chance to arc to weapons and engines, dealing extra damage equal to the original hit.",,,,,19.1
Ion Pulser,ionpulser,1,0.6,2250,600,,90,600,0,20,11,20,2,3,ENERGY,100,,0.05,0.05,3,0.1,3,20,1,4,,1000,,,,,,,"energy13, rare_bp, merc, ind",,,,Suppression,,,,,"Hits on hull or armor have a %s chance to arc to weapons and engines, dealing extra damage equal to the original hit.",25%,,,,22.75
,,,,,,,,,,,,,,,,,,,,,,,,,,,,,,,,,,,,,,,,,,,,,,,,
Hephaestus Assault Gun,hephag,0,,4000,900,,120,,5,20,20,,,,HIGH_EXPLOSIVE,120,,0,0.25,1,,0,10,2,10,,800,,,50,,,,"he18, lowtech_bp, midline_bp, merc, ind",,,,Anti Armor,,,,,,,,,,7
Storm Needler,multineedler,2,0.4,6500,700,,50,,20,15,28,,,,KINETIC,35,,0,0.1,,,0,5,0.25,5,,1200,,,20,,,,"kinetic19, remnant, rare_bp, hist1t, merc, ind",,,,Anti Shield,,,,,,,,,,8.5
Plasma Cannon,plasma,2,,7500,700,,750,,,20,30,,,,ENERGY,1200,,0.33,1.01,3,0.33,,,,,,750,,,500,,,"STRIKE, USE_VS_FRIGATES","energy20, rare_bp, hist1t, merc, ind",,,,General,,,,,The targeting system is incapable of tracking fighters when on local/automatic control.,,,,,23
Autopulse Laser,autopulse,0,,4500,700,,150,,0,20,20,20,2,,ENERGY,125,,0.05,0.05,1,,0,10,1,5,,1000,,,,,,,"energy18, hightech_bp, merc, ind",,,,General,,,,,,,,,,25
Thermal Pulse Cannon,tpc,0,,100000,1000,,250,,0,0,,20,1,,ENERGY,200,,0,0.2,1,,0,10,2,5,,1000,,,,,,"SYSTEM,SHOW_IN_CODEX",,TPC_only,,,General,,,,,,,,,,40
,,,,,,,,,,,,,,,,,,,,,,,,,,,,,,,,,,,,,,,,,,,,,,,,
LR PD Laser,lrpdlaser,1,,400,800,50,,,0,100,3,,,,ENERGY,,30,0,0.25,,,,,,,3600,,,,,,,PD,"pd7, beam5, hightech_bp, midline_bp, merc, ind",,,,Point Defense,,,,,,,,,,19.5
Light Machine Gun,lightmg,0,,100,300,,25,,1,50,2,,,,KINETIC,3,,0,0.4,5,0.1,0,5,1,15,,600,,,10,,,PD,"pd6, kinetic3, SR, base_bp, ind",,,,Point Defense,,,,,,,,,,0.5
Light Dual Machine Gun,lightdualmg,1,,400,300,,25,,1,50,4,,,,KINETIC,3,,0,0.2,5,0.1,0,5,1,15,,600,,,10,,,PD,"pd7, kinetic4, SR, lowtech_bp, merc, ind",,,,Point Defense,,,,,,,,,,0.7
,,,,,,,,,,,,,,,,,,,,,,,,,,,,,,,,,,,,,,,,,,,,,,,,
Cyclone Reaper Launcher,cyclone,1,,5000,1200,,4000,,75,20,26,20,,,HIGH_EXPLOSIVE,0,,0,9.75,2,0.25,0,0,0,0,,400,100,3.5,500,,,STRIKE,"strike18, rocket14, rare_bp, merc, ind",,,,Torpedo,Fast,None,,,,,,,TRUE,15
,,,,,,,,,,,,,,,,,,,,,,,,,,,,,,,,,,,,,,,,,,,,,,,,
Salamander MRM,heatseeker,0,,225,2000,,100,1500,15,30,3,,,,ENERGY,0,,0,25,1,,0,0,0,,,400,50,15,150,,,"DO_NOT_AIM, HEATSEEKER","utility13, missile0, missile_bp, merc, ind",,,,Anti Engine,Fast,Excellent,,,,,,,TRUE,11.25
Salamander MRM Pod,salamanderpod,0,,1200,2000,,100,1500,15,10,6,,,,ENERGY,0,,0,25,2,0.25,0,0,0,,,400,50,15,150,,,"DO_NOT_AIM, HEATSEEKER","utility13, missile_bp, merc, ind",,,,Anti Engine,Fast,Excellent,,,,,,,TRUE,12.32
,,,,,,,,,,,,,,,,,,,,,,,,,,,,,,,,,,,,,,,,,,,,,,,,
Harpoon MRM Pod,harpoonpod,0,,1200,2500,,750,,15,10,10,12,,,HIGH_EXPLOSIVE,0,,0,8.25,2,0.25,0,0,0,,,300,100,12.5,150,,,DO_NOT_AIM,"missile12, strike9, missile_bp, merc, ind",,,,Finisher,Medium,Medium,,,,,,,TRUE,12
Sabot SRM,sabot,0,,200,1200,,100,,15,30,4,3,,,KINETIC,0,,0,1,1,,0,0,0,0,,150,50,8,300,,,GUIDED_POOR,"missile8, strike2, missile_bp, merc, ind",,,,Anti Shield,Slow,Poor,,,"Submunition hits on hull or armor have a %s chance to arc to weapons and engines, dealing %s EMP damage.",25% | 400,,,TRUE,11.75
Sabot SRM (Double),sabot_single,0,,100,1200,,100,,15,30,2,2,,,KINETIC,0,,0,10,1,,0,0,0,0,,150,50,8,300,,,GUIDED_POOR,"missile6, strike0, base_bp, ind",,,,Anti Shield,Slow,Poor,,,"Submunition hits on hull or armor have a %s chance to arc to weapons and engines, dealing %s EMP damage.",25% | 400,,,TRUE,11.85
"Sabot SRM (Single, Fighter)",sabot_fighter,0,,100,1200,,100,,15,30,1,1,,,KINETIC,0,,0,1,1,,0,0,0,0,,150,50,8,300,,,"GUIDED_POOR, SYSTEM","missile6, strike0, show_in_codex",,,,Anti Shield (Fighter),Slow,Poor,,,"Submunition hits on hull or armor have a %s chance to arc to weapons and engines, dealing %s EMP damage.",25% | 400,,,TRUE,11.85
Sabot SRM Pod,sabotpod,0,,1200,1200,,100,,15,10,10,12,,,KINETIC,0,,0,8.75,2,0.25,0,0,0,0,,150,50,8,300,,,GUIDED_POOR,"missile13, strike8, rare_bp, merc, ind",,,,Anti Shield,Slow,Poor,,,"Submunition hits on hull or armor have a %s chance to arc to weapons and engines, dealing %s EMP damage.",25% | 400,,,TRUE,12.31
,,,,,,,,,,,,,,,,,,,,,,,,,,,,,,,,,,,,,,,,,,,,,,,,
Proximity Charge Launcher,phasecl,1,,1500,1000,,500,,25,30,12,60,,,HIGH_EXPLOSIVE,0,,0,1,1,,20,20,0,0,,100,400,4,500,,,ANTI_FTR,"utility8, rare_bp, merc, ind",,,,Pressure / Anti Fighter,Very Slow,None,,,"Not affected by missile speed, acceleration, and flight time modifiers.",,,,TRUE,13
,,,,,,,,,,,,,,,,,,,,,,,,,,,,,,,,,,,,,,,,,,,,,,,,
Devastator Cannon,devastator,0,,3500,900,,150,,40,12,20,,,,HIGH_EXPLOSIVE,75,,0,2,6,0.1,5,30,5,5,,700,,,100,,,"PD,PD_ALSO","he15, pd17, lowtech_bp, merc, ind",,,,Anti Fighter (Area),,,,,"Each shell has a fuse set to explode at a random distance, resulting in a barrage that's increasingly more deadly at closer ranges.

Will target missiles if no other targets are in range.",,,,,7.4
Squall MLRS,squall,1,,4000,2500,,100,200,15,20,20,160,,,KINETIC,0,,0,10,20,0.5,0,0,0,0,,600,100,4.75,300,,,"DO_NOT_AIM, CONSERVE_3, STRIKE, USE_VS_FRIGATES, MISSILE_SPREAD","missile19, strike15, rare_bp, merc, ind",,,,Suppression,Very Fast,Special,,,"Unguided after a brief initial aiming stage. When impacting shields, a resonator unit activates to increase the base damage by %s.",150,,,,16.2
Locust SRM Launcher,locust,0,,4000,1400,,200,,5,30,18,400,,,FRAGMENTATION,0,,0,10,40,0.1,0,0,0,0,,400,100,6,60,,,"ANTI_FTR, DO_NOT_AIM, DO_NOT_CONSERVE","utility18, missile15, rare_bp, hist1t, merc, ind",,,,Anti Small Craft,Fast,Excellent,,,,,,,,16.3
Flak Cannon,flak,0,,1000,400,,200,,10,40,8,,,,FRAGMENTATION,50,,0,1,1,,0,10,2,10,,700,,,30,,,PD,"pd13, SR, lowtech_bp, merc, ind",,,,Point Defense (Area),,,,,,,,,,4
,,,,,,,,,,,,,,,,,,,,,,,,,,,,,,,,,,,,,,,,,,,,,,,,
High Intensity Laser,hil,0,,4500,1000,500,,,0,5,20,,,,HIGH_EXPLOSIVE,,500,0.1,0.1,,,,,,,2400,,,,,,,,"beam20, LR, hightech_bp, merc, ind",,,,Anti Armor,,,,,,,,,,24
Heavy Burst Laser,heavyburst,1,,2000,600,450,,,0,75,9,6,0.75,,ENERGY,,300,0.1,0.1,0.35,0.1,,,,,10000,,,,,,,"PD,ANTI_FTR","pd15, beam10, rare_bp, merc, ind",,,,Point Defense,,,,,,,,,,22.5
Paladin PD System,guardian,1,0.5,5000,750,1000,,,0,75,18,20,1,,ENERGY,,750,0,0,0.2,0.1,,,,,1000000,,,,,,,"PD, ANTI_FTR","pd19, beam15, rare_bp, merc, ind",,,,Point Defense,,,,,"When all sub-beams impact a target in close proximity to each other, the spalling effect produces an explosion that deals up to 100 points of fragmentation damage to other nearby targets.",100 | fragmentation,,,,26
,,,,,,,,,,,,,,,,,,,,,,,,,,,,,,,,,,,,,,,,,,,,,,,,
,,,,,,,,,,,,,,,,,,,,,,,,,,,,,,,,,,,,,,,,,,,,,,,,
Light Mortar,lightmortar,0,,75,600,,75,,4,30,2,,,,HIGH_EXPLOSIVE,50,,0,1,1,,0,15,3,10,,500,,,10,,,,"he6, base_bp, ind",,,,Anti Armor,,,,,,,,,,0.75
Vulcan Cannon,vulcan,0,,200,250,,25,,1,75,4,,,,FRAGMENTATION,1,,0,0.05,1,,0,15,1,15,,800,,,10,,,PD,"pd7, SR, lowtech_bp, merc, ind",,,,Point Defense,,,,,,,,,,1
Light Assault Gun,lightag,0,,300,700,,40,,3,40,5,,,,HIGH_EXPLOSIVE,40,,0,0.25,1,,0,5,1,5,,800,,,30,,,,"he6, lowtech_bp, midline_bp, merc, ind",,,,Anti Armor,,,,,,,,,,3
Heavy Mortar,heavymortar,0,,600,700,,110,,12,30,7,,,,HIGH_EXPLOSIVE,90,,0,0.7,2,0.3,0,20,5,5,,500,,,30,,,,"he11, base_bp, merc, ind",,,,Anti Armor,,,,,,,,,,3.9
Dual Flak Cannon,dualflak,1,,1400,400,,150,,10,60,12,,,,FRAGMENTATION,50,,0,0.333333,1,,0,10,2,10,,700,,,30,,,PD,"pd15, SR, remnant, rare_bp, merc, ind",,,,Point Defense (Area),,,,,,,,,,4.25
Hypervelocity Driver,hveldriver,2,0.3,2250,1000,,275,400,40,10,13,,,,KINETIC,350,,0,2,1,,,,,,,1000,,,300,,,,"kinetic15, LR, remnant, rare_bp, merc, ind",,,,Anti Shield,,,,,,,,,,5.5
Heavy Needler,heavyneedler,2,0.3,2500,700,,50,,1,15,15,,,,KINETIC,40,,0,4.55,30,0.05,1,10,0.5,5,,1200,,,10,,,,"kinetic15, remnant, rare_bp, hist1t, merc, ind",,,,Anti Shield,,,,,,,,,,5.75
Gauss Cannon,gauss,2,,5000,1200,,700,,300,3,25,,,,KINETIC,1200,,1,1,,,,,,,,1200,,,400,,,,"kinetic20, LR, remnant, rare_bp, hist1t, merc, ind",,,,Anti Shield,,,,,,,,,,6
Mark IX Autocannon,mark9,0,,3000,900,,200,,20,10,18,,,,KINETIC,200,,0,2,4,0.1,0,15,2,10,,800,,,100,,,,"kinetic18, base_bp, merc, ind",,,,Anti Shield,,,,,,,,,,7.25
Mjolnir Cannon,mjolnir,1,0.4,6000,900,,400,200,10,25,24,,,,ENERGY,500,,0,0.75,1,,0,5,1,10,,900,,,75,,,,"energy18, he17, kinetic17, remnant, rare_bp, hist1t, merc, ind",,,,General,,,,,,,,,,7.5
Hellbore Cannon,hellbore,0,,3000,900,,750,,200,5,16,,,,HIGH_EXPLOSIVE,750,,0,3,1,,0,10,5,10,,500,,,400,,,,"he18, lowtech_bp, merc, ind",,,,Anti Armor,,,,,,,,,,8
Reaper-class Torpedo,reaper,0,,200,1200,,4000,,75,10,2,1,,,HIGH_EXPLOSIVE,0,,0,5,1,,0,0,0,0,,400,100,3.5,500,,,STRIKE,"strike8, rocket3, missile_bp, merc, ind",,,,Torpedo,Fast,None,,,,,,,TRUE,9
Atropos-class Torpedo Rack,atropos,1,0.5,600,1200,,1000,,40,10,3,2,,,HIGH_EXPLOSIVE,0,,0,1,1,,0,0,0,0,,400,150,4,300,,,GUIDED_POOR,"strike9, missile1, missile_bp, merc, ind, reload_3pt",,,,Torpedo,Fast,Good,,,,,,,TRUE,9.5
Atropos-class Torpedo (Single),atropos_single,1,0.5,300,1200,,1000,,40,10,1,1,,,HIGH_EXPLOSIVE,0,,0,1,1,,0,0,0,0,,400,150,4,300,,,GUIDED_POOR,"strike7, missile0, base_bp, ind, reload_1_and_a_half_pt",,,,Torpedo,Fast,Good,,,,,,,TRUE,9.75
Hammer-class Torpedo,hammer,0,,150,1200,,1500,,30,10,2,2,,,HIGH_EXPLOSIVE,0,,0,1,1,,0,0,0,0,,500,40,4,350,,,STRIKE,"strike6, rocket2, base_bp, ind",,,,Torpedo,Fast,None,,,,,,,TRUE,9.8
Hammer-class Torpedo (Single),hammer_single,0,,75,1200,,1500,,30,10,1,1,,,HIGH_EXPLOSIVE,0,,0,1,1,,0,0,0,0,,500,40,4,350,,,STRIKE,"strike5, rocket1, base_bp, ind",,,,Torpedo,Fast,None,,,,,,,TRUE,9.9
Annihilator Rocket Launcher,annihilator,0,,150,1500,,200,,5,30,4,50,,,HIGH_EXPLOSIVE,0,,0,5,5,0.2,0,0,0,0,,400,50,3.75,50,,,CONSERVE_1,"rocket7, strike0, missile_bp, merc, ind",,,,Anti Armor,Fast,None,,,,,,,,11
Harpoon MRM,harpoon,0,,200,2500,,750,,15,30,4,3,,,HIGH_EXPLOSIVE,0,,0,1,1,,0,0,0,,,300,100,12.5,150,,,DO_NOT_AIM,"missile8, strike3, missile_bp, merc, ind",,,,Finisher,Medium,Medium,,,,,,,TRUE,11.5
Harpoon MRM (Double),harpoon_single,0,,100,2500,,750,,15,30,2,2,,,HIGH_EXPLOSIVE,0,,0,10,1,,0,0,0,,,300,100,12.5,150,,,DO_NOT_AIM,"missile6, strike1, base_bp, ind",,,,Finisher,Medium,Medium,,,,,,,TRUE,11.6125
Breach SRM,breach,0,,200,1500,,150,,15,10,3,15,,,HIGH_EXPLOSIVE,0,,0,9,3,0.5,0,0,0,,,400,50,5,450,,,"DO_NOT_AIM, CONSERVE_ALL, CONSERVE_FOR_ANTI_ARMOR, DIRECT_AIM, MISSILE_SPREAD","missile7, base_bp, merc, ind",,,,Anti Armor,Fast,Good,,,Each missile deals an additional %s damage to armor. This damage is not reduced by armor.,250,,,TRUE,11.7
Gazer DEM SRM,gazer,1,,250,1200,,200,,15,30,4,6,,,KINETIC,0,,0,15,1,,0,0,0,0,,150,25,5,250,,,DO_NOT_AIM,"missile6, merc, rare_bp, damage_special, damage_soft_flux",,,,Suppression,Slow,Good,,,"The missile fires a graviton beam at the target, dealing approximately %s kinetic damage over the course of %s seconds. This damage is affected by missile damage modifiers and not energy weapon ones.",1000 | 10,,,TRUE,11.94
Gazer SRM Pod,gazerpod,1,,1300,1200,,200,,15,10,9,18,,,KINETIC,0,,0,14.5,2,0.5,0,0,0,0,,150,25,5,250,,,DO_NOT_AIM,"missile12, merc, rare_bp, damage_special, damage_soft_flux",,,,Suppression,Slow,Good,,,"Each missile fires a graviton beam at the target, dealing approximately %s kinetic damage over the course of %s seconds. This damage is affected by missile damage modifiers and not energy weapon ones.",1000 | 10,,,TRUE,12.21
Breach SRM Pod,breachpod,0,,1200,1500,,150,,15,10,10,50,,,HIGH_EXPLOSIVE,0,,0,9,5,0.25,0,0,0,,,400,50,5,450,,,"DO_NOT_AIM, CONSERVE_ALL, CONSERVE_FOR_ANTI_ARMOR, DIRECT_AIM, MISSILE_SPREAD","missile13, rare_bp, merc, ind",,,,Anti Armor,Fast,Good,,,Each missile deals an additional %s damage to armor. This damage is not reduced by armor.,250,,,TRUE,12.25
Annihilator Rocket Pod,annihilatorpod,0,,1200,1500,,200,,5,30,10,100,,,HIGH_EXPLOSIVE,0,,0,0.5,1,,0,0,0,0,,400,50,3.75,50,,,,"rocket13, strike8, missile_bp, merc, ind",,,,Pressure,Fast,None,,,,,,,,12.33
Pilum LRM Launcher,pilum,0,,900,4000,,500,500,25,10,7,30,0.1,,FRAGMENTATION,0,,0,15,3,0.4,0,0,0,0,,125,100,30,150,,,"DO_NOT_AIM, CONSERVE_1","utility13, missile7, missile_bp, merc, ind",,,,Long Range Support,Very Slow,Very Poor,,,"Second-stage hits on shields have a chance to arc through to weapons and engines, dealing %s EMP damage. The chance to pierce the shields is based on the target's hard flux level.",500,,,,12.5
Jackhammer,jackhammer,0,,1000,1200,,1500,,30,20,6,6,,,HIGH_EXPLOSIVE,0,,0,9.5,3,0.25,10,10,0,0,,500,40,4,350,,,STRIKE,"strike10, rocket5, ind, missile_bp, merc",,,,Torpedo,Fast,None,,,,,,,TRUE,13.75
Typhoon Reaper Launcher,typhoon,0,,1200,1200,,4000,,75,20,10,6,,,HIGH_EXPLOSIVE,0,,0,15,1,,0,0,0,0,,400,100,3.5,500,,,STRIKE,"strike13, rocket8, missile_bp, merc, ind",,,,Torpedo,Fast,None,,,,,,,TRUE,14
Pilum LRM Catapult,pilum_large,0,,1500,4000,,500,500,25,10,14,30,0.33333,6,FRAGMENTATION,0,,0,9,6,0.2,0,0,0,0,,125,200,30,150,,,"DO_NOT_AIM, DO_NOT_CONSERVE","utility15, missile14, rare_bp, merc, ind",,,,Long Range Support,Very Slow,Very Poor,,,"Second-stage hits on shields have a chance to arc through to weapons and engines, dealing %s EMP damage. The chance to pierce the shields is based on the target's hard flux level.",500,,,,15.5
Hurricane MIRV Launcher,hurricane,0,,4500,2500,,500,,50,10,25,10,,,HIGH_EXPLOSIVE,0,,0,15,1,,0,0,0,0,,250,50,12,350,,,"DO_NOT_AIM, CONSERVE_5","missile18, strike15, rare_bp, hist1t, merc, ind",,,,Finisher,Medium,Good,,,,,,,TRUE,16
Hammer Barrage,hammerrack,0,,1250,1200,,1500,,30,10,16,20,,,HIGH_EXPLOSIVE,0,,0,5,4,0.15,0,0,0,0,,500,40,4,350,,,STRIKE,"strike16, rocket14, missile_bp, merc, ind",,,,Torpedo,Fast,None,,,,,,,TRUE,16.4
Mining Laser,mininglaser,0,,100,600,30,,,0,80,1,,,,ENERGY,,10,0,0.25,,,,,,,2400,,,,,,,PD,"beam0, energy0, pd0, base_bp, ind",,,,Point Defense,,,,,,,,,,16.5
PD Laser,pdlaser,0,,200,500,75,,,0,100,3,,,,ENERGY,,40,0,0.25,,,,,,,2400,,,,,,,PD,"pd7, beam7, SR, hightech_bp, midline_bp, merc, ind",,,,Point Defense,,,,,,,,,,17
Tactical Laser,taclaser,0,,200,1000,75,,,0,20,4,,,,ENERGY,,60,0.1,0.1,,,,,,,2400,,,,,,,,"beam9, LR, hightech_bp, midline_bp, merc, ind",,,,General,,,,,,,,,,18
Burst PD Laser,pdburst,1,,600,500,350,,,0,100,6,4,0.5,,ENERGY,,200,0.1,0.1,0.3,0.1,,,,,10000,,,,,,,"PD,ANTI_FTR","pd9, beam6, rare_bp, merc, ind",,,,Point Defense,,,,,,,,,,19.6
Heavy Blaster,heavyblaster,1,,2500,600,,500,,0,15,12,,,,ENERGY,720,,0,1,,,,,,,,1000,,,,,,,"energy14, rare_bp, hist1t, merc, ind",,,,General,,,,,,,,,,22.25
Kinetic Blaster,kineticblaster,2,,5000,600,,250,,0,15,12,,,,KINETIC,375,,0,1,,,,,,,,1400,,,,,,,"kinetic11, no_sell, no_dealer, no_drop_salvage, codex_unlockable",,Lion's Guard,,Anti Shield,,,,,,,,,,22.35
Ion Beam,ionbeam,1,0.5,2500,1000,50,,400,0,15,12,,,,ENERGY,,150,0.1,0.1,,,,,,,2400,,,,,,,FIRE_WHEN_INEFFICIENT,"beam14, LR, rare_bp, hist1t, merc, ind",,,,Suppression,,,,,"Hits on hull or armor periodically arc to weapons and engines, dealing extra EMP and energy damage. Hits on shields have a chance to generate a shield-penetrating arc based on the target's hard flux level.",,,,,22.85
Tachyon Lance,tachyonlance,2,0.5,8000,1000,1500,,1000,0,7,25,,,,ENERGY,,2000,0.5,1,1,4,,,,,10000,,,,,,,FIRE_WHEN_INEFFICIENT,"energy20, beam15, LR, rare_bp, hist1t, merc, ind",,,,Suppression,,,,,"Hits on hull or armor frequently arc to weapons and engines, dealing extra EMP and energy damage. Hits on shields have a chance to generate a shield-penetrating arc based on the target's hard flux level.",,,,,27
Gigacannon,gigacannon,2,,10000,700,,2500,,0,5,25,,,,ENERGY,1500,,1,9,,,0,0,0,0,,1000,,,,,,"STRIKE, USE_VS_FRIGATES, GROUP_ALTERNATING","strike18, no_sell, no_dealer, no_drop_salvage, codex_unlockable",,Lion's Guard,,Strike,,,,,,,,,,28