name,id,demand class,base price,export value,price variability,utility,origin,tags,stack size,cargo space,icon,sound id,sound id drop,order,economyTier,econUnitOrigUnused,econUnit,baseRaidDanger,eU * base value,iconWidthMult,plugin,desc
Supplies,supplies,supplies,100,500,3,1,,"military, expensive",1000,1,graphics/icons/cargo/supplies.png,ui_cargo_supplies,ui_cargo_supplies_drop,0.5,2.1,200,750,,75000,1,,
Fuel,fuel,fuel,25,1500,3,1,,military,1000,0,graphics/icons/cargo/fuel.png,ui_cargo_fuel,ui_cargo_fuel_drop,0.75,2,500,1500,,37500,0.6,,
,,,,,,,,,,,,,,,,,,,,,,
Metals,metals,metals,30,6000,3,1,,,1000,1,graphics/icons/cargo/materials.png,ui_cargo_metals,ui_cargo_metals_drop,8,1.1,500,2000,,60000,1,,
Transplutonics,rare_metals,rare_metals,200,12000,3,1,,expensive,1000,1,graphics/icons/cargo/raremetals.png,ui_cargo_raremetals,ui_cargo_raremetals_drop,7,1.2,100,200,,40000,1,,
Heavy Machinery,heavy_machinery,heavy_machinery,150,1000,3,1,,expensive,1000,1,graphics/icons/cargo/heavymachinery.png,ui_cargo_machinery,ui_cargo_machinery_drop,0.95,2.2,100,300,,45000,1,,
,,,,,,,,,,,,,,,,,,,,,,
Harvested Organs,organs,organs,300,4000,3,1,,"medical, expensive",1000,1,graphics/icons/cargo/organs.png,ui_cargo_organs,ui_cargo_organs_drop,4,2.4,200,200,HIGH,60000,0.7,,
Heavy Armaments,hand_weapons,hand_weapons,500,1000,3,1,,military,1000,1,graphics/icons/cargo/heavyweapons.png,ui_cargo_handweapons,ui_cargo_handweapons_drop,2,2.6,100,200,HIGH,100000,1,,
,,,,,,,,,,,,,,,,,,,,,,
Ship Hulls & Weapons,ships,ships,100,600,3,1,,meta,1000,1,graphics/ships/hound/hound_base.png,,,10,4,200,200,,,1,,