{
	"id":"unofficial_balance_patch",
	"name":"Unbalance Patch",
	"author":"Krill",
	"version":"B-g-a",
	"description":"it's simple. We phase the Batman",
	"gameVersion":"0.98a-RC7",
	
		"replace": [
			"data/variants/remnant/brilliant_Standard.variant",
			"data/variants/remnant/brilliant_Support.variant",
			"data/variants/remnant/fulgent_Assault.variant",
			"data/variants/remnant/fulgent_Support.variant",
			
			"data/variants/astral_Attack.variant",
			"data/variants/astral_Elite.variant",
			"data/variants/astral_Strike.variant",
			
			"data/variants/drover_Starting.variant",
			"data/variants/drover_Strike.variant",
			"data/variants/drover_Support.variant",
			
			"data/variants/manticore/manticore_Assault.variant",
			"data/variants/manticore/manticore_pirates_Assault.variant",
			
			"data/variants/falcon/falcon_Attack.variant",
			
			"data/weapons/proj/miningblaster_shot.proj",
			
			"data/variants/harbinger/harbinger_Strike.variant",
			
			"data/variants/eradicator/eradicator_pirates_Attack.variant",
			
			"data/variants/fighters/claw_Fighter.variant",
			"data/variants/fighters/gladius_Fighter.variant",
			"data/variants/fighters/thunder_Fighter.variant",
			"data/variants/fighters/warthog_Fighter.variant",
			
			"data/variants/remnant/lux_Fighter.variant",
			
			"data/hulls/skins/eagle_LG.skin",
			"data/hulls/skins/falcon_LG.skin",
			"data/hulls/skins/sunder_LG.skin",
			
			"data/hulls/onslaught.ship",
			"data/hulls/odyssey.ship",
		],
}
