id,rating,detection_range,type,autoXP,xpDiscover,xpSalvage,tags,drop_value,drop_random,defFaction,defQuality,probDefenders,minStr,maxStr,minSize,maxSize,probStation,stationRole
derelict_probe,0.25,1700,DISCOVERABLE,700,500,1500,,basic:5000,"ai_cores1:3,
extended:1x3000",derelict,0.5,0.75,36,60,,3,,
derelict_survey_ship,0.5,2700,DISCOVERABLE,1200,2000,6000,,basic:15000,"ai_cores2:5,
ai_cores3:1,
extended:3x5000,
rare_tech_low:2",derelict,0.5,1,84,120,,3,,
derelict_mothership,1,3500,DISCOVERABLE,2200,5000,20000,,basic:75000,"ai_cores3:5,
extended:5x15000,
rare_tech_mothership:1",derelict,1,1,180,240,,,1,derelictMothership
,,,,,,,,,,,,,,,,,,
technology_cache,0,1200,DISCOVERABLE,200,,,no_debris,,,remnant,1,1,84,120,,3,,
red_planet,0,,,,,,not_a_custom_entity,,,remnant,1,1,180,240,,,,
,,,,,,,,,,,,,,,,,,
station_research_remnant,1,2200,DISCOVERABLE,2200,,,,basic:8000,"ai_cores3:5,
rem_weapons2:20,
any_hullmod_high:5,
blueprints_low:10,
rare_tech_low:2,
package_bp:2",remnant,1,1,84,120,,3,,
station_mining_remnant,0.75,2200,DISCOVERABLE,1700,1000,3000,,basic:5000,"mining_station:5x3000,
mining_bulk:1x150000,
ai_cores2:5,
ai_cores3:2,
any_hullmod_medium:3,
rare_tech_low:4,
package_bp:2",remnant,1,1,84,120,,3,,
orbital_habitat_remnant,0.25,1700,DISCOVERABLE,700,,,,basic:10000,"goods:5x5000,
hab_bulk:1x50000,
ai_cores1:5,
ai_cores2:2,
ai_cores3:1,
package_bp:2",remnant,1,1,84,120,,3,,
station_research,1,2200,DISCOVERABLE,2200,1000,3000,,basic:8000,"weapons2:20,
any_hullmod_high:5,
blueprints_low:10,
rare_tech_low:2,
package_bp:2",remnant,0.5,0.75,36,60,,3,,
station_mining,0.75,2200,DISCOVERABLE,1700,1000,3000,,basic:5000,"mining_station:5x3000,
mining_bulk:1x150000,
any_hullmod_medium:3,
rare_tech_low:4,
package_bp:2",remnant,0.5,0.75,36,60,,3,,
orbital_habitat,0.25,1700,DISCOVERABLE,700,,,,basic:10000,"goods:5x5000,
hab_bulk:1x50000",remnant,0.5,0.75,36,60,,3,,