id,variant,tags,tier,rarity,fleet pts,op cost,formation,range,attackRunRange,attackPositionOffset,num,role,role desc,refit,base value,,,,,,,,,,,,,number
xyphos_wing,xyphos_Fighter,"support3, fighter, high, rare_bp, hist1t, merc, ind",3,0.5,7,18,V,0,500,,2,SUPPORT,Support,20,10000,,,,,,,,,,,,,2
sarissa_wing,sarissa_Fighter,"stay_in_front_of_ship, support3, fighter, low, rare_bp, hist1t, merc, ind",2,,7,12,CLAW,0,500,,3,SUPPORT,Support,15,8000,,,,,,,,,,,,,
,,,,,,,,,,,,,,,,,,,,,,,,,,,,
terminator_wing,drone_terminator,"no_drop, no_sell, high",3,,6,0,BOX,0,200,,2,SUPPORT,Point Defense,20,6000,,,,,,,,,,,,,19
,,,,,,,,,,,,,,,,,,,,,,,,,,,,
hoplon_wing,hoplon_Escort,"bomber3, bomber, low, rare_bp, merc, ind",1,,3,12,V,4000,2000,750,3,BOMBER,Bomber,15,7000,,,,,,,,,,,,,10
dagger_wing,dagger_Bomber,"bomber4, bomber, high, hightech_bp, merc, ind",2,,5,18,V,4000,2000,600,4,BOMBER,Bomber,18,9000,,,,,,,,,,,,,11
piranha_wing,piranha_Bomber,"bomber3, bomber, low, lowtech_bp, merc, ind",1,,5,10,CLAW,4000,2500,300,4,BOMBER,Bomber,15,6000,,,,,,,,,,,,,12
trident_wing,trident_Bomber,"bomber6, bomber, high, rare_bp, hist1t, merc",3,0.25,8,25,V,4000,2000,600,3,BOMBER,Bomber,25,14000,,,,,,,,,,,,,13
perdition_wing,perdition_Bomber,"bomber3, bomber, low, rare_bp, merc",0,,3,20,V,4000,2000,600,4,BOMBER,Bomber,15,4000,,,,,,,,,,,,,10
cobra_wing,cobra_Bomber,"bomber5, bomber, low, rare_bp, hist1t, merc",2,,6,15,V,4000,2000,600,2,BOMBER,Bomber,20,10000,,,,,,,,,,,,,10
,,,,,,,,,,,,,,,,,,,,,,,,,,,,
longbow_wing,longbow_Support,"bomber3, bomber, high, rare_bp, merc, ind",1,,5,12,V,4000,2000,100,3,BOMBER,Bomber,18,9000,,,,,,,,,,,,,15
,,,,,,,,,,,,,,,,,,,,,,,,,,,,
flash_wing,flash_Bomber,"no_sell, bomber, remnant, bomber5, auto_fighter, merc, codex_unlockable",3,,5,12,V,4000,2500,300,5,BOMBER,Strike Drone,18,8000,,,,,,,,,,,,,21