{
	"id":"unofficial_balance_patch",
	"name":"Unbalance Patch",
	"author":"Krill",
	"version":"B-h-d-a",
	"description":"it's simple. We phase the Batman",
	"gameVersion":"0.98a-RC8",
	
		"replace": [
			"data/variants/remnant/brilliant_Standard.variant",
			"data/variants/remnant/brilliant_Support.variant",
			"data/variants/remnant/fulgent_Assault.variant",
			"data/variants/remnant/fulgent_Support.variant",
			
			"data/variants/astral_Attack.variant",
			"data/variants/astral_Elite.variant",
			"data/variants/astral_Strike.variant",
			
			#"data/variants/fury_Attack.variant",
			#"data/variants/fury_Support.variant",
			
			"data/variants/drover_Starting.variant",
			"data/variants/drover_Strike.variant",
			"data/variants/drover_Support.variant",
			
			"data/variants/medusa_Attack.variant",
			"data/variants/medusa_CS.variant",
			"data/variants/medusa_PD.variant",
			"data/variants/medusa_Starting.variant",
			
			"data/variants/apogee_Balanced.variant",
			
			"data/variants/hammerhead/hammerhead_Balanced.variant",
			
			"data/variants/gemini_Standard.variant",
			
			"data/variants/manticore/manticore_Assault.variant",
			"data/variants/manticore/manticore_pirates_Assault.variant",
			
			"data/variants/invictus/invictus_Standard.variant",
			"data/variants/invictus/invictus_Support.variant",
			
			"data/variants/eradicator/eradicator_Fighter_Support.variant",
			
			"data/variants/falcon/falcon_Attack.variant",
			
			"data/weapons/proj/miningblaster_shot.proj",
			
			"data/variants/harbinger/harbinger_Strike.variant",
			
			"data/variants/dominator/dominator_Fighter_Support.variant",
			
			"data/variants/eradicator/eradicator_pirates_Attack.variant",
			
			"data/variants/fighters/claw_Fighter.variant",
			"data/variants/fighters/gladius_Fighter.variant",
			"data/variants/fighters/thunder_Fighter.variant",
			"data/variants/fighters/warthog_Fighter.variant",
			
			"data/variants/remnant/lux_Fighter.variant",
			
			"data/hulls/skins/eagle_LG.skin",
			"data/hulls/skins/falcon_LG.skin",
			"data/hulls/skins/sunder_LG.skin",
			
			"data/hulls/onslaught.ship",
			"data/hulls/odyssey.ship",
			
			"data/graphics/weapons/mining_laser_hardpoint_base.png",
			"data/graphics/weapons/mining_laser_hardpoint_glow.png",
			"data/graphics/weapons/mining_laser_turret_base.png",
			"data/graphics/weapons/mining_laser_turret_glow.png",
		],
}
