name,id,flux/second,f/s (base rate),f/s (base cap),flux/use,f/u (base rate),f/u (base cap),cr/u,max uses,regen,charge up,active,down,cooldown,toggle,noDissipation,noHardDissipation,hardFlux,noFiring,noTurning,noStrafing,noAccel,noShield,noVent,isPhaseCloak,tags,icon
Termination Sequence,drone_strike,,,,600,,,,,,0,0.05,10,0,,,,,,,,,,,,offensive,graphics/icons/hullsys/termination_sequence.png
,,,,,,,,,,,,,,,,,,,,,,,,,,,
Active Flare Launcher,flarelauncher_active,,,,,,0.1,,5,0.025,,,,5,,,,,,,,,,,,defensive,graphics/icons/hullsys/active_flare_launcher.png
Flare Launcher,flarelauncher,,,,,,,,5,0.025,,,,5,,,,,,,,,,,,defensive,graphics/icons/hullsys/flare_launcher.png
Canister Flak,canister_flak,,,,,,,,5,0.025,,,,5,,,,,,,,,,,,defensive,graphics/icons/hullsys/canister_flak.png
,,,,,,,,,,,,,,,,,,,,,,,,,,,
Targeting Feed,targetingfeed,,,,,,0.25,,,,0.5,10,0.5,20,,,,,,,,,,,,offensive,graphics/icons/hullsys/targeting_feed.png