id,variant,tags,tier,rarity,fleet pts,op cost,formation,range,attackRunRange,attackPositionOffset,num,role,role desc,refit,base value,,,,,,,,,,,,,number
xyphos_wing,xyphos_Fighter,"support3, fighter, high, rare_bp, hist1t, merc, ind",2,0.5,7,18,V,0,500,,2,SUPPORT,Support,20,10000,,,,,,,,,,,,,2
sarissa_wing,sarissa_Fighter,"stay_in_front_of_ship, support3, fighter, low, rare_bp, hist1t, merc, ind",1,,7,12,CLAW,0,500,,3,SUPPORT,Support,15,8000,,,,,,,,,,,,,
,,,,,,,,,,,,,,,,,,,,,,,,,,,,
terminator_wing,drone_terminator,"no_drop, no_sell, high",2,,6,0,BOX,0,200,,2,SUPPORT,Point Defense,20,6000,,,,,,,,,,,,,19
,,,,,,,,,,,,,,,,,,,,,,,,,,,,
hoplon_wing,hoplon_Escort,"bomber3, bomber, low, rare_bp, merc, ind",0,,3,12,V,4000,2000,750,3,BOMBER,Bomber,10,7000,,,,,,,,,,,,,10
dagger_wing,dagger_Bomber,"bomber4, bomber, high, hightech_bp, merc, ind",1,,5,18,V,4000,2000,600,4,BOMBER,Bomber,12,9000,,,,,,,,,,,,,11
piranha_wing,piranha_Bomber,"bomber3, bomber, low, lowtech_bp, merc, ind",0,,5,10,CLAW,4000,2500,300,4,BOMBER,Bomber,10,6000,,,,,,,,,,,,,12
trident_wing,trident_Bomber,"bomber6, bomber, high, rare_bp, hist1t, merc",2,0.25,8,25,V,4000,2000,600,3,BOMBER,Bomber,20,14000,,,,,,,,,,,,,13
perdition_wing,perdition_Bomber,"bomber3, bomber, low, rare_bp, merc",0,,3,20,V,4000,2000,600,4,BOMBER,Bomber,10,4000,,,,,,,,,,,,,10
cobra_wing,cobra_Bomber,"bomber5, bomber, low, rare_bp, hist1t, merc",1,,6,15,V,4000,2000,600,2,BOMBER,Bomber,15,10000,,,,,,,,,,,,,10
,,,,,,,,,,,,,,,,,,,,,,,,,,,,
longbow_wing,longbow_Support,"bomber3, bomber, high, rare_bp, merc, ind",0,,5,12,V,4000,2000,100,3,BOMBER,Bomber,12,9000,,,,,,,,,,,,,15
,,,,,,,,,,,,,,,,,,,,,,,,,,,,
flash_wing,flash_Bomber,"no_sell, bomber, remnant, bomber5, auto_fighter, merc, codex_unlockable",2,,5,12,V,4000,2500,300,5,BOMBER,Strike Drone,15,8000,,,,,,,,,,,,,21
,,,,,,,,,,,,,,,,,,,,,,,,,,,,
,,,,,,,,,,,,,,,,,,,,,,,,,,,,
broadsword_wing,broadsword_Fighter,"fighter4, fighter, low, lowtech_bp, merc, ind",0,,6,8,V,4000,500,,3,FIGHTER,Heavy Fighter,10,6000,,,,,,,,,,,,,1
gladius_wing,gladius_Fighter,"fighter4, fighter, mid, midline_bp, merc, ind",1,,6,6,V,4000,500,300,2,FIGHTER,Heavy Interceptor,10,10000,,,,,,,,,,,,,3
warthog_wing,warthog_Fighter,"fighter3, fighter, low, lowtech_bp, merc, ind",0,,8,12,CLAW,2000,500,-400,3,FIGHTER,Heavy Fighter,10,9000,,,,,,,,,,,,,4
thunder_wing,thunder_Fighter,"fighter2, interceptor, mid, rare_bp, merc, ind",1,,6,10,V,6000,500,900,2,FIGHTER,Heavy Interceptor,15,7000,,,,,,,,,,,,,5
claw_wing,claw_Fighter,"fighter2, interceptor, high, rare_bp, merc, ind",0,,5,8,CLAW,4000,300,500,5,FIGHTER,Fighter,8,9000,,,,,,,,,,,,,
,,,,,,,,,,,,,,,,,,,,,,,,,,,,
talon_wing,talon_Interceptor,"interceptor1, interceptor, low, base_bp, merc, ind",0,,3,2,V,4000,200,600,4,INTERCEPTOR,Interceptor,5,2000,,,,,,,,,,,,,6
wasp_wing,wasp_Interceptor,"interceptor3, interceptor, high, hightech_bp, auto_fighter, merc, ind",0,,5,5,CLAW,4000,200,700,6,INTERCEPTOR,Interceptor Drone,3,6000,,,,,,,,,,,,,7
,,,,,,,,,,,,,,,,,,,,,,,,,,,,
borer_wing,drone_borer,"no_drop, no_sell, low",0,,4,0,BOX,2000,500,,6,INTERCEPTOR,Drone,3,1500,,,,,,,,,,,,,18