id,name,order,tier,reqPoints,reqPointsPerExtraSkill,description,author,combat officer,admiral,admin,tags,icon,
# TECHNOLOGY,,,,,,,,,,,,,
neural_link,Neural Link,1075,5,2,2,Why should a captain go down with their ship? The Tri-Tachyon corporation does not waste top talent.,"VP Operations Nereid De Jong at unveiling ceremony for ""Project Heket""",,,,,graphics/icons/skills/neural_link.png,
automated_ships,Automated Ships,1090,5,2,2,[REDACTED],Hegemony COMSEC,,,,,graphics/icons/skills/automated_ships.png,
,,,,,,,,,,,,,
systems_expertise,Systems Expertise,90,5,2,2,"No, I don't think it's a contradiction. It's a, uh, spiritual journey. You're tested. And it's like they say, the Devil is in the details.","""Ludd's Footsoldiers"" holodoc, interview with Pather engineer",TRUE,,,,graphics/icons/skills/systems_expertise.png,
missile_specialization,Missile Specialization,100,5,2,2,My colleagues don’t appreciate their whimsy. You get all these little spaceships to break all the rules with because there's no need to survive the landing.,"Exit interview of K. Astraia, former ordnance designer, Culann Starforge",TRUE,,,missile_weapons,graphics/icons/skills/missile_specialization2.png,
,,,,,,,,,,,,,
officer_training,Officer Training,560,4,2,2,"They may be a 'rag-tag gang of merchants, smugglers, and pirates', but if you give them something to fight for, I think they might surprise you.","Navarch Nurul Park, comment upon integration of the Cibolan navy",,TRUE,,,graphics/icons/skills/officer_training.png,
officer_management,Officer Management,570,4,2,2,"The outlook was grim, so I promised the merc captains double combat bonus. With all the casualties I only had to pay out to half of them. Worked out fine.","Carson Kang, GM of Valhalla fleet division, Tri-Tachyon",,TRUE,,,graphics/icons/skills/officer_management.png,
best_of_the_best,Best of the Best,580,5,2,2,"What we have, Artemisia, is something that cannot be bought.",Orcus Rao at the negotiations ending the Second AI War (apocryphal),,TRUE,,,graphics/icons/skills/best_of_the_best.png,
support_doctrine,Support Doctrine,590,5,2,2,"Not every cadet has talent, skill, or even two brain cells to rub together, but by hell and radiation they'll graduate with discipline.","unattributed comment by Coatl Academy staff, COMSEC archives",,TRUE,,,graphics/icons/skills/space_ops.png,
force_concentration,Force Concentration,590,4,2,2,When I provide victory at the time and place of my choosing history shall absolve me of the sacrifice of a planet or two.,"Fleet Admiral Andrada, address to the Hegemony Strategic Assembly ",,TRUE,,"npc_only, deprecated",graphics/icons/skills/space_ops.png,
,,,,,,,,,,,,,
gunnery_implants,Gunnery Implants,1020,2,0,,Over time the augmented reality presented by implants may become difficult to distinguish from normal sensory input. The psych officer shall regularly check gunners for signs of Augment Dissociative Disorder by the following criteria...,A New Leadership Framework: Manual for Officers of the Hegemony,TRUE,,,,graphics/icons/skills/gunnery_implants.png,
energy_weapon_mastery,Energy Weapon Mastery,1030,2,0,,"The eye of an angel was found in the small places, hidden there by merciful God in the first moments of creation. Thus its secrets were laid bare for the ignorant and cruel to loose terrible, fiery wrath. We lament.",Sacred Texts of Ludd,TRUE,,,energy_weapons,graphics/icons/skills/energy_weapon_mastery.png,
ordnance_expert,Ordnance Expertise,1530,2,0,,The weak fear the spiritual potency of the killing machine. The strong instinctually recognize its beauty.,Quotations from the Supreme Executor,TRUE,,,,graphics/icons/skills/ordnance_expert2.png,
polarized_armor,Polarized Armor,1540,2,0,,"The pre-Collapse manuals say never to do this. ... No, I don't know. Haven't had any problems so far.","engineering chief Kasi Thea-Radiative, hidden holocam interview",TRUE,,,,graphics/icons/skills/polarized_armor.png,
,,,,,,,,,,,,,
cybernetic_augmentation,Cybernetic Augmentation,1080,4,1,0,Don't listen to those weepy crypto-Luddics on the ethics board; the rejection rate is nowhere near what the rumors imply.,"""Doctor"" Wyatt Cydonia (alias), COMSEC intercept",,TRUE,,,graphics/icons/skills/cybernetic_augmentation.png,
electronic_warfare,Electronic Warfare,1040,4,1,0,"err. 401 // connection refused [try again?]
err. 401 // connection refused [try again?]
err. 401 // connection refused [try again?]","Celadon Immeasurable, alpha",,TRUE,,,graphics/icons/skills/EW.png,
flux_regulation,Flux Regulation,1060,4,1,0,"WARNING: By changing these settings user waives responsibility of Tri-Tachyon Corporation for any resulting equipment damage, injury, death, or otherwise anomalous spacetime effect or effects. Do you wish to continue?","Tri-Tachyon Corporation, standard license",,TRUE,,,graphics/icons/skills/flux_dynamics.png,
phase_corps,Phase Coil Tuning,1070,4,1,0,"Tri-Tachyon pries open holy creation daily, and at each desecration our wholesale damnation looms. Our path is burden; our path is suffering. We shall face them with faith that the only redemption is final judgment.","Livewell Cotton, Luddic Path terrorist, sermon of c205.2.12",,TRUE,,,graphics/icons/skills/phase_corps.png,
,,,,,,,,,,,,,
derelict_contingent,Derelict Operations,1590,5,2,2,"They think we're trash, the execs and admirals in their shiny starships. They threw us away the second it went bad. But it's us the Sector got built on and it's us that'll cut 'em down.","anonymous pirate agitator, HEGINT surveillance feed ",,TRUE,,player_only,graphics/icons/skills/derelict_contingent.png,
hull_restoration,Hull Restoration,1580,5,2,2,There's no hull a true spacer can't make home.,"Sol Secondshift, veteran salvor",,,,,graphics/icons/skills/recovery_ops.png,
,,,,,,,,,,,,,
containment_procedures,Containment Procedures,1550,4,1,,Check each seal three times true so that Death does not come for you.,Spacer tradition,,,,,graphics/icons/skills/containment_procedures.png,
makeshift_equipment,Makeshift Equipment,1560,4,1,,I guess we left the spares in orbit. It'll be fine ... [static] ... just watch.,"audio backup transcription, Jericho Wheeler, leader of expedition ""H""-team",,,,,graphics/icons/skills/makeshift_equipment.png,
industrial_planning,Industrial Planning,1570,4,1,,A barren but promising world well-situated to become the center of culture and industry of Magec. SIE models project vast investment in resource exploitation from Guayota’s Disk.,"Tri-Tachyon strategic development memo, pre-Collapse",,,TRUE,,graphics/icons/skills/industrial_planning.png,