{
	"id":"unofficial_balance_patch",
	"name":"Unbalance Patch",
	"author":"Krill",
	"version":"A-a",
	"description":"it's simple. We phase the Batman",
	"gameVersion":"0.98a-RC7",
	
		"replace": [
			"data/variants/remnant/brilliant_Standard.variant",
			"data/variants/remnant/brilliant_Support.variant",
			"data/variants/remnant/fulgent_Assault.variant",
			"data/variants/remnant/fulgent_Support.variant",
			
			"data/variants/astral_Attack.variant",
			"data/variants/astral_Elite.variant",
			"data/variants/astral_Strike.variant",
			
			"data/variants/harbinger/harbinger_Strike.variant",
			
			"data/variants/eradicator/eradicator_pirates_Attack.variant",
			
			"data/variants/fighters/warthog_Fighter.variant",
			#"data/weapons/proj/miningblaster_shot.shot",
			
			"data/hulls/skins/eagle_LG.skin",
			"data/hulls/skins/falcon_LG.skin",
			"data/hulls/skins/sunder_LG.skin",
		],
}
